Dataset:name:CTRL_G2	/uod/idr/filesets/idr0149-batty-sisterchromatids/20230605-ftp/experiment2/ctrl_g2_wapl_dtag/ctrl_g2_wapl-dtag_one_sister/220211_5389_2096_c1_rep1_ctrl_hemi_g2_zoom4_8-03-28.tif_registered.tif
Dataset:name:CTRL_G2	/uod/idr/filesets/idr0149-batty-sisterchromatids/20230605-ftp/experiment2/ctrl_g2_wapl_dtag/ctrl_g2_wapl-dtag_one_sister/220211_5389_2096_c1_rep1_ctrl_hemi_g2_zoom4_8-04-29.czi #1.tif_registered.tif
Dataset:name:CTRL_G2	/uod/idr/filesets/idr0149-batty-sisterchromatids/20230605-ftp/experiment2/ctrl_g2_wapl_dtag/ctrl_g2_wapl-dtag_one_sister/220211_5389_2096_c1_rep1_ctrl_hemi_g2_zoom4_8-04-29.czi #2.tif_registered.tif
Dataset:name:CTRL_G2	/uod/idr/filesets/idr0149-batty-sisterchromatids/20230605-ftp/experiment2/ctrl_g2_wapl_dtag/ctrl_g2_wapl-dtag_one_sister/220211_5389_2096_c1_rep1_ctrl_hemi_g2_zoom4_8-05-30.czi #1.tif_registered.tif
Dataset:name:CTRL_G2	/uod/idr/filesets/idr0149-batty-sisterchromatids/20230605-ftp/experiment2/ctrl_g2_wapl_dtag/ctrl_g2_wapl-dtag_one_sister/220211_5389_2096_c1_rep1_ctrl_hemi_g2_zoom4_8-05-30.czi #2.tif_registered.tif
Dataset:name:CTRL_G2	/uod/idr/filesets/idr0149-batty-sisterchromatids/20230605-ftp/experiment2/ctrl_g2_wapl_dtag/ctrl_g2_wapl-dtag_one_sister/220211_5389_2096_c1_rep1_ctrl_hemi_g2_zoom4_8-05-30.czi #3.tif_registered.tif
Dataset:name:CTRL_G2	/uod/idr/filesets/idr0149-batty-sisterchromatids/20230605-ftp/experiment2/ctrl_g2_wapl_dtag/ctrl_g2_wapl-dtag_one_sister/220211_5389_2096_c1_rep1_ctrl_hemi_g2_zoom4_8-05-30.czi #4.tif_registered.tif
Dataset:name:CTRL_G2	/uod/idr/filesets/idr0149-batty-sisterchromatids/20230605-ftp/experiment2/ctrl_g2_wapl_dtag/ctrl_g2_wapl-dtag_one_sister/220211_5389_2096_c1_rep2_ctrl_hemi_g2_zoom4_8-02-24.tif_registered.tif
Dataset:name:CTRL_G2	/uod/idr/filesets/idr0149-batty-sisterchromatids/20230605-ftp/experiment2/ctrl_g2_wapl_dtag/ctrl_g2_wapl-dtag_one_sister/220211_5389_2096_c1_rep2_ctrl_hemi_g2_zoom4_8-02-26.tif_registered.tif
Dataset:name:CTRL_G2	/uod/idr/filesets/idr0149-batty-sisterchromatids/20230605-ftp/experiment2/ctrl_g2_wapl_dtag/ctrl_g2_wapl-dtag_one_sister/220211_5389_2096_c1_rep2_ctrl_hemi_g2_zoom4_8-04-25.tif_registered.tif
Dataset:name:CTRL_G2	/uod/idr/filesets/idr0149-batty-sisterchromatids/20230605-ftp/experiment2/ctrl_g2_wapl_dtag/ctrl_g2_wapl-dtag_one_sister/220211_5389_2096_c1_rep2_ctrl_hemi_g2_zoom4_8-04-27.czi #1.tif_registered.tif
Dataset:name:CTRL_G2	/uod/idr/filesets/idr0149-batty-sisterchromatids/20230605-ftp/experiment2/ctrl_g2_wapl_dtag/ctrl_g2_wapl-dtag_one_sister/220211_5389_2096_c1_rep2_ctrl_hemi_g2_zoom4_8-04-27.czi #2.tif_registered.tif
Dataset:name:CTRL_G2	/uod/idr/filesets/idr0149-batty-sisterchromatids/20230605-ftp/experiment2/ctrl_g2_wapl_dtag/ctrl_g2_wapl-dtag_one_sister/220211_5389_2096_c2_rep1_ctrl_hemi_g2_zoom4_8-01-20.tif_registered.tif
Dataset:name:CTRL_G2	/uod/idr/filesets/idr0149-batty-sisterchromatids/20230605-ftp/experiment2/ctrl_g2_wapl_dtag/ctrl_g2_wapl-dtag_one_sister/220211_5389_2096_c2_rep1_ctrl_hemi_g2_zoom4_8-02-21.czi #1.tif_registered.tif
Dataset:name:CTRL_G2	/uod/idr/filesets/idr0149-batty-sisterchromatids/20230605-ftp/experiment2/ctrl_g2_wapl_dtag/ctrl_g2_wapl-dtag_one_sister/220211_5389_2096_c2_rep1_ctrl_hemi_g2_zoom4_8-02-21.czi #2.tif_registered.tif
Dataset:name:CTRL_G2	/uod/idr/filesets/idr0149-batty-sisterchromatids/20230605-ftp/experiment2/ctrl_g2_wapl_dtag/ctrl_g2_wapl-dtag_one_sister/220211_5389_2096_c2_rep1_ctrl_hemi_g2_zoom4_8-02-21.czi #3.tif_registered.tif
Dataset:name:CTRL_G2	/uod/idr/filesets/idr0149-batty-sisterchromatids/20230605-ftp/experiment2/ctrl_g2_wapl_dtag/ctrl_g2_wapl-dtag_one_sister/220211_5389_2096_c2_rep1_ctrl_hemi_g2_zoom4_8-02-21.czi #4.tif_registered.tif
Dataset:name:CTRL_G2	/uod/idr/filesets/idr0149-batty-sisterchromatids/20230605-ftp/experiment2/ctrl_g2_wapl_dtag/ctrl_g2_wapl-dtag_one_sister/220211_5389_2096_c2_rep1_ctrl_hemi_g2_zoom4_8-03-22.czi #1.tif_registered.tif
Dataset:name:CTRL_G2	/uod/idr/filesets/idr0149-batty-sisterchromatids/20230605-ftp/experiment2/ctrl_g2_wapl_dtag/ctrl_g2_wapl-dtag_one_sister/220211_5389_2096_c2_rep1_ctrl_hemi_g2_zoom4_8-03-22.czi #2.tif_registered.tif
Dataset:name:CTRL_G2	/uod/idr/filesets/idr0149-batty-sisterchromatids/20230605-ftp/experiment2/ctrl_g2_wapl_dtag/ctrl_g2_wapl-dtag_one_sister/220211_5389_2096_c2_rep2_ctrl_hemi_g2_zoom4_8-06-17.tif_registered.tif
Dataset:name:CTRL_G2	/uod/idr/filesets/idr0149-batty-sisterchromatids/20230605-ftp/experiment2/ctrl_g2_wapl_dtag/ctrl_g2_wapl-dtag_one_sister/220211_5389_2096_c2_rep2_ctrl_hemi_g2_zoom4_8-08-18.czi #2.tif_registered.tif
Dataset:name:CTRL_G2	/uod/idr/filesets/idr0149-batty-sisterchromatids/20230605-ftp/experiment2/ctrl_g2_wapl_dtag/ctrl_g2_wapl-dtag_one_sister/220211_5389_2096_c2_rep2_ctrl_hemi_g2_zoom4_8-09-19.czi #1.tif_registered.tif
Dataset:name:CTRL_G2	/uod/idr/filesets/idr0149-batty-sisterchromatids/20230605-ftp/experiment2/ctrl_g2_wapl_dtag/ctrl_g2_wapl-dtag_one_sister/220211_5389_2096_c2_rep2_ctrl_hemi_g2_zoom4_8-09-19.czi #2.tif_registered.tif
Dataset:name:CTRL_G2	/uod/idr/filesets/idr0149-batty-sisterchromatids/20230605-ftp/experiment2/ctrl_g2_wapl_dtag/ctrl_g2_wapl-dtag_one_sister/220211_5389_2096_c2_rep2_ctrl_hemi_g2_zoom4_8-09-19.czi #3.tif_registered.tif
Dataset:name:CTRL_G2	/uod/idr/filesets/idr0149-batty-sisterchromatids/20230605-ftp/experiment2/ctrl_g2_wapl_dtag/ctrl_g2_wapl-dtag_one_sister/220211_5389_2096_c2_rep2_ctrl_hemi_g2_zoom4_8-09-19.czi #4.tif_registered.tif
Dataset:name:CTRL_G2	/uod/idr/filesets/idr0149-batty-sisterchromatids/20230605-ftp/experiment2/ctrl_g2_wapl_dtag/ctrl_g2_wapl-dtag_one_sister/220405_2096_ctrl_dep_rep1_hemi_stain_scc1_cycb1_zoom4_8-01-122-124.tif_registered.tif
Dataset:name:CTRL_G2	/uod/idr/filesets/idr0149-batty-sisterchromatids/20230605-ftp/experiment2/ctrl_g2_wapl_dtag/ctrl_g2_wapl-dtag_one_sister/220405_2096_ctrl_dep_rep1_hemi_stain_scc1_cycb1_zoom4_8-01-122-125.tif_registered.tif
Dataset:name:CTRL_G2	/uod/idr/filesets/idr0149-batty-sisterchromatids/20230605-ftp/experiment2/ctrl_g2_wapl_dtag/ctrl_g2_wapl-dtag_one_sister/220405_2096_ctrl_dep_rep1_hemi_stain_scc1_cycb1_zoom4_8-02-123.czi #1.tif_registered.tif
Dataset:name:CTRL_G2	/uod/idr/filesets/idr0149-batty-sisterchromatids/20230605-ftp/experiment2/ctrl_g2_wapl_dtag/ctrl_g2_wapl-dtag_one_sister/220405_2096_ctrl_dep_rep1_hemi_stain_scc1_cycb1_zoom4_8-02-123.czi #2.tif_registered.tif
Dataset:name:CTRL_G2	/uod/idr/filesets/idr0149-batty-sisterchromatids/20230605-ftp/experiment2/ctrl_g2_wapl_dtag/ctrl_g2_wapl-dtag_one_sister/220405_2096_ctrl_dep_rep1_hemi_stain_scc1_cycb1_zoom4_8-02-123.czi #3.tif_registered.tif
Dataset:name:CTRL_G2	/uod/idr/filesets/idr0149-batty-sisterchromatids/20230605-ftp/experiment2/ctrl_g2_wapl_dtag/ctrl_g2_wapl-dtag_one_sister/220405_2096_ctrl_dep_rep1_hemi_stain_scc1_cycb1_zoom4_8-02-123.czi #4.tif_registered.tif
Dataset:name:CTRL_G2	/uod/idr/filesets/idr0149-batty-sisterchromatids/20230605-ftp/experiment2/ctrl_g2_wapl_dtag/ctrl_g2_wapl-dtag_one_sister/220405_2096_ctrl_dep_rep2_hemi_stain_scc1_cycb1_zoom4_8-01-135.tif_registered.tif
Dataset:name:CTRL_G2	/uod/idr/filesets/idr0149-batty-sisterchromatids/20230605-ftp/experiment2/ctrl_g2_wapl_dtag/ctrl_g2_wapl-dtag_one_sister/220405_2096_ctrl_dep_rep2_hemi_stain_scc1_cycb1_zoom4_8-02-128-130.tif_registered.tif
Dataset:name:CTRL_G2	/uod/idr/filesets/idr0149-batty-sisterchromatids/20230605-ftp/experiment2/ctrl_g2_wapl_dtag/ctrl_g2_wapl-dtag_one_sister/220405_2096_ctrl_dep_rep2_hemi_stain_scc1_cycb1_zoom4_8-04-131.czi #1.tif_registered.tif
Dataset:name:CTRL_G2	/uod/idr/filesets/idr0149-batty-sisterchromatids/20230605-ftp/experiment2/ctrl_g2_wapl_dtag/ctrl_g2_wapl-dtag_one_sister/220405_2096_ctrl_dep_rep2_hemi_stain_scc1_cycb1_zoom4_8-04-131.czi #2.tif_registered.tif
Dataset:name:CTRL_G2	/uod/idr/filesets/idr0149-batty-sisterchromatids/20230605-ftp/experiment2/ctrl_g2_wapl_dtag/ctrl_g2_wapl-dtag_one_sister/220405_2096_ctrl_dep_rep2_hemi_stain_scc1_cycb1_zoom4_8-05-132-133.tif_registered.tif
Dataset:name:SORORIN_G2	/uod/idr/filesets/idr0149-batty-sisterchromatids/20230605-ftp/experiment2/sororin_dep_g2/sororin_dep_g2_one_sister/220211_5389_2096_c1_rep1_sor_dep_on_hemi_g2_zoom4_8-01-68.czi #1.tif_registered.tif
Dataset:name:SORORIN_G2	/uod/idr/filesets/idr0149-batty-sisterchromatids/20230605-ftp/experiment2/sororin_dep_g2/sororin_dep_g2_one_sister/220211_5389_2096_c1_rep1_sor_dep_on_hemi_g2_zoom4_8-01-68.czi #2.tif_registered.tif
Dataset:name:SORORIN_G2	/uod/idr/filesets/idr0149-batty-sisterchromatids/20230605-ftp/experiment2/sororin_dep_g2/sororin_dep_g2_one_sister/220211_5389_2096_c1_rep1_sor_dep_on_hemi_g2_zoom4_8-02-69.tif_registered.tif
Dataset:name:SORORIN_G2	/uod/idr/filesets/idr0149-batty-sisterchromatids/20230605-ftp/experiment2/sororin_dep_g2/sororin_dep_g2_one_sister/220211_5389_2096_c1_rep1_sor_dep_on_hemi_g2_zoom4_8-03-70.czi #1.tif_registered.tif
Dataset:name:SORORIN_G2	/uod/idr/filesets/idr0149-batty-sisterchromatids/20230605-ftp/experiment2/sororin_dep_g2/sororin_dep_g2_one_sister/220211_5389_2096_c1_rep1_sor_dep_on_hemi_g2_zoom4_8-03-70.czi #2.tif_registered.tif
Dataset:name:SORORIN_G2	/uod/idr/filesets/idr0149-batty-sisterchromatids/20230605-ftp/experiment2/sororin_dep_g2/sororin_dep_g2_one_sister/220211_5389_2096_c1_rep1_sor_dep_on_hemi_g2_zoom4_8-04-71.czi #1.tif_registered.tif
Dataset:name:SORORIN_G2	/uod/idr/filesets/idr0149-batty-sisterchromatids/20230605-ftp/experiment2/sororin_dep_g2/sororin_dep_g2_one_sister/220211_5389_2096_c1_rep1_sor_dep_on_hemi_g2_zoom4_8-04-71.czi #2.tif_registered.tif
Dataset:name:SORORIN_G2	/uod/idr/filesets/idr0149-batty-sisterchromatids/20230605-ftp/experiment2/sororin_dep_g2/sororin_dep_g2_one_sister/220211_5389_2096_c1_rep1_sor_dep_on_hemi_g2_zoom4_8-04-71.czi #3.tif_registered.tif
Dataset:name:SORORIN_G2	/uod/idr/filesets/idr0149-batty-sisterchromatids/20230605-ftp/experiment2/sororin_dep_g2/sororin_dep_g2_one_sister/220211_5389_2096_c1_rep1_sor_dep_on_hemi_g2_zoom4_8-04-71.czi #4.tif_registered.tif
Dataset:name:SORORIN_G2	/uod/idr/filesets/idr0149-batty-sisterchromatids/20230605-ftp/experiment2/sororin_dep_g2/sororin_dep_g2_one_sister/220211_5389_2096_c1_rep2_sor_dep_on_hemi_g2_zoom4_8-01-59-60.tif_registered.tif
Dataset:name:SORORIN_G2	/uod/idr/filesets/idr0149-batty-sisterchromatids/20230605-ftp/experiment2/sororin_dep_g2/sororin_dep_g2_one_sister/220211_5389_2096_c1_rep2_sor_dep_on_hemi_g2_zoom4_8-01-59-61.tif_registered.tif
Dataset:name:SORORIN_G2	/uod/idr/filesets/idr0149-batty-sisterchromatids/20230605-ftp/experiment2/sororin_dep_g2/sororin_dep_g2_one_sister/220211_5389_2096_c1_rep2_sor_dep_on_hemi_g2_zoom4_8-01-59-62.tif_registered.tif
Dataset:name:SORORIN_G2	/uod/idr/filesets/idr0149-batty-sisterchromatids/20230605-ftp/experiment2/sororin_dep_g2/sororin_dep_g2_one_sister/220211_5389_2096_c1_rep2_sor_dep_on_hemi_g2_zoom4_8-02-64.tif_registered.tif
Dataset:name:SORORIN_G2	/uod/idr/filesets/idr0149-batty-sisterchromatids/20230605-ftp/experiment2/sororin_dep_g2/sororin_dep_g2_one_sister/220211_5389_2096_c1_rep2_sor_dep_on_hemi_g2_zoom4_8-03-65.tif_registered.tif
Dataset:name:SORORIN_G2	/uod/idr/filesets/idr0149-batty-sisterchromatids/20230605-ftp/experiment2/sororin_dep_g2/sororin_dep_g2_one_sister/220211_5389_2096_c1_rep2_sor_dep_on_hemi_g2_zoom4_8-04-66.tif_registered.tif
Dataset:name:SORORIN_G2	/uod/idr/filesets/idr0149-batty-sisterchromatids/20230605-ftp/experiment2/sororin_dep_g2/sororin_dep_g2_one_sister/220211_5389_2096_c1_rep2_sor_dep_on_hemi_g2_zoom4_8-05-67.czi #1.tif_registered.tif
Dataset:name:SORORIN_G2	/uod/idr/filesets/idr0149-batty-sisterchromatids/20230605-ftp/experiment2/sororin_dep_g2/sororin_dep_g2_one_sister/220211_5389_2096_c1_rep2_sor_dep_on_hemi_g2_zoom4_8-05-67.czi #2.tif_registered.tif
Dataset:name:SORORIN_G2	/uod/idr/filesets/idr0149-batty-sisterchromatids/20230605-ftp/experiment2/sororin_dep_g2/sororin_dep_g2_one_sister/220211_5389_2096_c2_rep1_sor_dep_on_hemi_g2_zoom4_8-01-52-53.tif_registered.tif
Dataset:name:SORORIN_G2	/uod/idr/filesets/idr0149-batty-sisterchromatids/20230605-ftp/experiment2/sororin_dep_g2/sororin_dep_g2_one_sister/220211_5389_2096_c2_rep1_sor_dep_on_hemi_g2_zoom4_8-01-52-54.tif_registered.tif
Dataset:name:SORORIN_G2	/uod/idr/filesets/idr0149-batty-sisterchromatids/20230605-ftp/experiment2/sororin_dep_g2/sororin_dep_g2_one_sister/220211_5389_2096_c2_rep1_sor_dep_on_hemi_g2_zoom4_8-02-57.czi #1.tif_registered.tif
Dataset:name:SORORIN_G2	/uod/idr/filesets/idr0149-batty-sisterchromatids/20230605-ftp/experiment2/sororin_dep_g2/sororin_dep_g2_one_sister/220211_5389_2096_c2_rep2sor_dep_on_hemi_g2_zoom4_8-01-49.tif_registered.tif
Dataset:name:SORORIN_G2	/uod/idr/filesets/idr0149-batty-sisterchromatids/20230605-ftp/experiment2/sororin_dep_g2/sororin_dep_g2_one_sister/220211_5389_2096_c2_rep1_sor_dep_on_hemi_g2_zoom4_8-02-57.czi #2.tif_registered.tif
Dataset:name:SORORIN_G2	/uod/idr/filesets/idr0149-batty-sisterchromatids/20230605-ftp/experiment2/sororin_dep_g2/sororin_dep_g2_one_sister/220211_5389_2096_c2_rep1_sor_dep_on_hemi_g2_zoom4_8-02-57.czi #3.tif_registered.tif
Dataset:name:SORORIN_G2	/uod/idr/filesets/idr0149-batty-sisterchromatids/20230605-ftp/experiment2/sororin_dep_g2/sororin_dep_g2_one_sister/220211_5389_2096_c2_rep1_sor_dep_on_hemi_g2_zoom4_8-02-57.czi #4.tif_registered.tif
Dataset:name:SORORIN_G2	/uod/idr/filesets/idr0149-batty-sisterchromatids/20230605-ftp/experiment2/sororin_dep_g2/sororin_dep_g2_one_sister/220211_5389_2096_c2_rep1_sor_dep_on_hemi_g2_zoom4_8-02-57.czi #5.tif_registered.tif
Dataset:name:SORORIN_G2	/uod/idr/filesets/idr0149-batty-sisterchromatids/20230605-ftp/experiment2/sororin_dep_g2/sororin_dep_g2_one_sister/220211_5389_2096_c2_rep1_sor_dep_on_hemi_g2_zoom4_8-03-58.czi #1.tif_registered.tif
Dataset:name:SORORIN_G2	/uod/idr/filesets/idr0149-batty-sisterchromatids/20230605-ftp/experiment2/sororin_dep_g2/sororin_dep_g2_one_sister/220211_5389_2096_c2_rep1_sor_dep_on_hemi_g2_zoom4_8-03-58.czi #2.tif_registered.tif
Dataset:name:SORORIN_G2	/uod/idr/filesets/idr0149-batty-sisterchromatids/20230605-ftp/experiment2/sororin_dep_g2/sororin_dep_g2_one_sister/220211_5389_2096_c2_rep2sor_dep_on_hemi_g2_zoom4_8-02-48.tif_registered.tif
Dataset:name:SORORIN_G2	/uod/idr/filesets/idr0149-batty-sisterchromatids/20230605-ftp/experiment2/sororin_dep_g2/sororin_dep_g2_one_sister/220211_5389_2096_c2_rep2sor_dep_on_hemi_g2_zoom4_8-02-50.czi #1.tif_registered.tif
Dataset:name:SORORIN_G2	/uod/idr/filesets/idr0149-batty-sisterchromatids/20230605-ftp/experiment2/sororin_dep_g2/sororin_dep_g2_one_sister/220211_5389_2096_c2_rep2sor_dep_on_hemi_g2_zoom4_8-02-50.czi #2.tif_registered.tif
Dataset:name:SORORIN_G2	/uod/idr/filesets/idr0149-batty-sisterchromatids/20230605-ftp/experiment2/sororin_dep_g2/sororin_dep_g2_one_sister/220211_5389_2096_c2_rep2sor_dep_on_hemi_g2_zoom4_8-04-51.czi #1.tif_registered.tif
Dataset:name:SORORIN_G2	/uod/idr/filesets/idr0149-batty-sisterchromatids/20230605-ftp/experiment2/sororin_dep_g2/sororin_dep_g2_one_sister/220211_5389_2096_c2_rep2sor_dep_on_hemi_g2_zoom4_8-04-51.czi #2.tif_registered.tif
Dataset:name:SORORIN_G2	/uod/idr/filesets/idr0149-batty-sisterchromatids/20230605-ftp/experiment2/sororin_dep_g2/sororin_dep_g2_one_sister/220211_5389_2096_c2_rep2sor_dep_on_hemi_g2_zoom4_8-04-51.czi #3.tif_registered.tif
Dataset:name:SORORIN_G2	/uod/idr/filesets/idr0149-batty-sisterchromatids/20230605-ftp/experiment2/sororin_dep_g2/sororin_dep_g2_one_sister/220405_2096_sor dep_rep1_hemi_stain_scc1_cycb1_zoom4_8-01-136.czi #1.tif_registered.tif
Dataset:name:SORORIN_G2	/uod/idr/filesets/idr0149-batty-sisterchromatids/20230605-ftp/experiment2/sororin_dep_g2/sororin_dep_g2_one_sister/220405_2096_sor dep_rep1_hemi_stain_scc1_cycb1_zoom4_8-01-136.czi #2.tif_registered.tif
Dataset:name:SORORIN_G2	/uod/idr/filesets/idr0149-batty-sisterchromatids/20230605-ftp/experiment2/sororin_dep_g2/sororin_dep_g2_one_sister/220405_2096_sor dep_rep1_hemi_stain_scc1_cycb1_zoom4_8-01-136.czi #3.tif_registered.tif
Dataset:name:SORORIN_G2	/uod/idr/filesets/idr0149-batty-sisterchromatids/20230605-ftp/experiment2/sororin_dep_g2/sororin_dep_g2_one_sister/220405_2096_sor dep_rep1_hemi_stain_scc1_cycb1_zoom4_8-01-136.czi #4.tif_registered.tif
Dataset:name:SORORIN_G2	/uod/idr/filesets/idr0149-batty-sisterchromatids/20230605-ftp/experiment2/sororin_dep_g2/sororin_dep_g2_one_sister/220405_2096_sor dep_rep1_hemi_stain_scc1_cycb1_zoom4_8-01-136.czi #5.tif_registered.tif
Dataset:name:SORORIN_G2	/uod/idr/filesets/idr0149-batty-sisterchromatids/20230605-ftp/experiment2/sororin_dep_g2/sororin_dep_g2_one_sister/220405_2096_sor dep_rep1_hemi_stain_scc1_cycb1_zoom4_8-02-137.tif_registered.tif
Dataset:name:SORORIN_G2	/uod/idr/filesets/idr0149-batty-sisterchromatids/20230605-ftp/experiment2/sororin_dep_g2/sororin_dep_g2_one_sister/220405_2096_sor dep_rep2_hemi_stain_scc1_cycb1_zoom4_8-01-138.czi #1.tif_registered.tif
Dataset:name:SORORIN_G2	/uod/idr/filesets/idr0149-batty-sisterchromatids/20230605-ftp/experiment2/sororin_dep_g2/sororin_dep_g2_one_sister/220405_2096_sor dep_rep2_hemi_stain_scc1_cycb1_zoom4_8-01-138.czi #3.tif_registered.tif
Dataset:name:SORORIN_G2	/uod/idr/filesets/idr0149-batty-sisterchromatids/20230605-ftp/experiment2/sororin_dep_g2/sororin_dep_g2_one_sister/220405_2096_sor dep_rep2_hemi_stain_scc1_cycb1_zoom4_8-01-138.czi #4.tif_registered.tif
Dataset:name:SORORIN_G2	/uod/idr/filesets/idr0149-batty-sisterchromatids/20230605-ftp/experiment2/sororin_dep_g2/sororin_dep_g2_one_sister/220405_2096_sor dep_rep2_hemi_stain_scc1_cycb1_zoom4_8-01-138.czi #5.tif_registered.tif
Dataset:name:SORORIN_G2	/uod/idr/filesets/idr0149-batty-sisterchromatids/20230605-ftp/experiment2/sororin_dep_g2/sororin_dep_g2_one_sister/220405_2096_sor dep_rep2_hemi_stain_scc1_cycb1_zoom4_8-02-139.czi #1.tif_registered.tif
Dataset:name:SORORIN_G2	/uod/idr/filesets/idr0149-batty-sisterchromatids/20230605-ftp/experiment2/sororin_dep_g2/sororin_dep_g2_one_sister/220405_2096_sor dep_rep2_hemi_stain_scc1_cycb1_zoom4_8-02-139.czi #2.tif_registered.tif
Dataset:name:WAPL_G2	/uod/idr/filesets/idr0149-batty-sisterchromatids/20230605-ftp/experiment2/wapl_dep_g2_fig2b/wapl_dep_g2_(wapl-dtag)_one_sister/220211_5389_2096_c1_rep1_wapl_dep_on_hemi_g2_zoom4_8-01-46-47.tif_registered.tif
Dataset:name:WAPL_G2	/uod/idr/filesets/idr0149-batty-sisterchromatids/20230605-ftp/experiment2/wapl_dep_g2_fig2b/wapl_dep_g2_(wapl-dtag)_one_sister/220211_5389_2096_c1_rep1_wapl_dep_on_hemi_g2_zoom4_8-02-50.tif_registered.tif
Dataset:name:WAPL_G2	/uod/idr/filesets/idr0149-batty-sisterchromatids/20230605-ftp/experiment2/wapl_dep_g2_fig2b/wapl_dep_g2_(wapl-dtag)_one_sister/220211_5389_2096_c1_rep1_wapl_dep_on_hemi_g2_zoom4_8-03-51.tif_registered.tif
Dataset:name:WAPL_G2	/uod/idr/filesets/idr0149-batty-sisterchromatids/20230605-ftp/experiment2/wapl_dep_g2_fig2b/wapl_dep_g2_(wapl-dtag)_one_sister/220211_5389_2096_c1_rep1_wapl_dep_on_hemi_g2_zoom4_8-05-35-36.tif_registered.tif
Dataset:name:WAPL_G2	/uod/idr/filesets/idr0149-batty-sisterchromatids/20230605-ftp/experiment2/wapl_dep_g2_fig2b/wapl_dep_g2_(wapl-dtag)_one_sister/220211_5389_2096_c1_rep1_wapl_dep_on_hemi_g2_zoom4_8-05-35-37.tif_registered.tif
Dataset:name:WAPL_G2	/uod/idr/filesets/idr0149-batty-sisterchromatids/20230605-ftp/experiment2/wapl_dep_g2_fig2b/wapl_dep_g2_(wapl-dtag)_one_sister/220211_5389_2096_c1_rep1_wapl_dep_on_hemi_g2_zoom4_8-05-35-38.tif_registered.tif
Dataset:name:WAPL_G2	/uod/idr/filesets/idr0149-batty-sisterchromatids/20230605-ftp/experiment2/wapl_dep_g2_fig2b/wapl_dep_g2_(wapl-dtag)_one_sister/220211_5389_2096_c1_rep1_wapl_dep_on_hemi_g2_zoom4_8-06-40.czi #1.tif_registered.tif
Dataset:name:WAPL_G2	/uod/idr/filesets/idr0149-batty-sisterchromatids/20230605-ftp/experiment2/wapl_dep_g2_fig2b/wapl_dep_g2_(wapl-dtag)_one_sister/220211_5389_2096_c1_rep1_wapl_dep_on_hemi_g2_zoom4_8-06-40.czi #2.tif_registered.tif
Dataset:name:WAPL_G2	/uod/idr/filesets/idr0149-batty-sisterchromatids/20230605-ftp/experiment2/wapl_dep_g2_fig2b/wapl_dep_g2_(wapl-dtag)_one_sister/220211_5389_2096_c1_rep1_wapl_dep_on_hemi_g2_zoom4_8-07-41-43.tif_registered.tif
Dataset:name:WAPL_G2	/uod/idr/filesets/idr0149-batty-sisterchromatids/20230605-ftp/experiment2/wapl_dep_g2_fig2b/wapl_dep_g2_(wapl-dtag)_one_sister/220211_5389_2096_c1_rep1_wapl_dep_on_hemi_g2_zoom4_8-08-44.tif_registered.tif
Dataset:name:WAPL_G2	/uod/idr/filesets/idr0149-batty-sisterchromatids/20230605-ftp/experiment2/wapl_dep_g2_fig2b/wapl_dep_g2_(wapl-dtag)_one_sister/220211_5389_2096_c1_rep1_wapl_dep_on_hemi_g2_zoom4_8-09-45.tif_registered.tif
Dataset:name:WAPL_G2	/uod/idr/filesets/idr0149-batty-sisterchromatids/20230605-ftp/experiment2/wapl_dep_g2_fig2b/wapl_dep_g2_(wapl-dtag)_one_sister/220211_5389_2096_c1_rep2_wapl_dep_on_hemi_g2_zoom4_8-03-52.tif_registered.tif
Dataset:name:WAPL_G2	/uod/idr/filesets/idr0149-batty-sisterchromatids/20230605-ftp/experiment2/wapl_dep_g2_fig2b/wapl_dep_g2_(wapl-dtag)_one_sister/220211_5389_2096_c1_rep2_wapl_dep_on_hemi_g2_zoom4_8-05-53.tif_registered.tif
Dataset:name:WAPL_G2	/uod/idr/filesets/idr0149-batty-sisterchromatids/20230605-ftp/experiment2/wapl_dep_g2_fig2b/wapl_dep_g2_(wapl-dtag)_one_sister/220211_5389_2096_c1_rep2_wapl_dep_on_hemi_g2_zoom4_8-06-54.tif_registered.tif
Dataset:name:WAPL_G2	/uod/idr/filesets/idr0149-batty-sisterchromatids/20230605-ftp/experiment2/wapl_dep_g2_fig2b/wapl_dep_g2_(wapl-dtag)_one_sister/220211_5389_2096_c1_rep2_wapl_dep_on_hemi_g2_zoom4_8-09-55.tif_registered.tif
Dataset:name:WAPL_G2	/uod/idr/filesets/idr0149-batty-sisterchromatids/20230605-ftp/experiment2/wapl_dep_g2_fig2b/wapl_dep_g2_(wapl-dtag)_one_sister/220211_5389_2096_c1_rep2_wapl_dep_on_hemi_g2_zoom4_8-10-56.tif_registered.tif
Dataset:name:WAPL_G2	/uod/idr/filesets/idr0149-batty-sisterchromatids/20230605-ftp/experiment2/wapl_dep_g2_fig2b/wapl_dep_g2_(wapl-dtag)_one_sister/220211_5389_2096_c1_rep2_wapl_dep_on_hemi_g2_zoom4_8-11-57.tif_registered.tif
Dataset:name:WAPL_G2	/uod/idr/filesets/idr0149-batty-sisterchromatids/20230605-ftp/experiment2/wapl_dep_g2_fig2b/wapl_dep_g2_(wapl-dtag)_one_sister/220211_5389_2096_c1_rep2_wapl_dep_on_hemi_g2_zoom4_8-13-58.czi #1.tif_registered.tif
Dataset:name:WAPL_G2	/uod/idr/filesets/idr0149-batty-sisterchromatids/20230605-ftp/experiment2/wapl_dep_g2_fig2b/wapl_dep_g2_(wapl-dtag)_one_sister/220211_5389_2096_c1_rep2_wapl_dep_on_hemi_g2_zoom4_8-13-58.czi #2.tif_registered.tif
Dataset:name:WAPL_G2	/uod/idr/filesets/idr0149-batty-sisterchromatids/20230605-ftp/experiment2/wapl_dep_g2_fig2b/wapl_dep_g2_(wapl-dtag)_one_sister/220211_5389_2096_c1_rep2_wapl_dep_on_hemi_g2_zoom4_8-13-58.czi #3.tif_registered.tif
Dataset:name:WAPL_G2	/uod/idr/filesets/idr0149-batty-sisterchromatids/20230605-ftp/experiment2/wapl_dep_g2_fig2b/wapl_dep_g2_(wapl-dtag)_one_sister/220211_5389_2096_c2_rep1_wapl_dep_on_hemi_g2_zoom4_8-01-59-60.tif_registered.tif
Dataset:name:WAPL_G2	/uod/idr/filesets/idr0149-batty-sisterchromatids/20230605-ftp/experiment2/wapl_dep_g2_fig2b/wapl_dep_g2_(wapl-dtag)_one_sister/220211_5389_2096_c2_rep1_wapl_dep_on_hemi_g2_zoom4_8-01-59-61.tif_registered.tif
Dataset:name:WAPL_G2	/uod/idr/filesets/idr0149-batty-sisterchromatids/20230605-ftp/experiment2/wapl_dep_g2_fig2b/wapl_dep_g2_(wapl-dtag)_one_sister/220211_5389_2096_c2_rep1_wapl_dep_on_hemi_g2_zoom4_8-02-63.czi #1.tif_registered.tif
Dataset:name:WAPL_G2	/uod/idr/filesets/idr0149-batty-sisterchromatids/20230605-ftp/experiment2/wapl_dep_g2_fig2b/wapl_dep_g2_(wapl-dtag)_one_sister/220211_5389_2096_c2_rep1_wapl_dep_on_hemi_g2_zoom4_8-02-63.czi #2.tif_registered.tif
Dataset:name:WAPL_G2	/uod/idr/filesets/idr0149-batty-sisterchromatids/20230605-ftp/experiment2/wapl_dep_g2_fig2b/wapl_dep_g2_(wapl-dtag)_one_sister/220211_5389_2096_c2_rep1_wapl_dep_on_hemi_g2_zoom4_8-03-64.tif_registered.tif
Dataset:name:WAPL_G2	/uod/idr/filesets/idr0149-batty-sisterchromatids/20230605-ftp/experiment2/wapl_dep_g2_fig2b/wapl_dep_g2_(wapl-dtag)_one_sister/220211_5389_2096_c2_rep1_wapl_dep_on_hemi_g2_zoom4_8-05-65-68.tif_registered.tif
Dataset:name:WAPL_G2	/uod/idr/filesets/idr0149-batty-sisterchromatids/20230605-ftp/experiment2/wapl_dep_g2_fig2b/wapl_dep_g2_(wapl-dtag)_one_sister/220211_5389_2096_c2_rep2_wapl_dep_on_hemi_g2_zoom4_8-03-73.tif_registered.tif
Dataset:name:WAPL_G2	/uod/idr/filesets/idr0149-batty-sisterchromatids/20230605-ftp/experiment2/wapl_dep_g2_fig2b/wapl_dep_g2_(wapl-dtag)_one_sister/220211_5389_2096_c2_rep2_wapl_dep_on_hemi_g2_zoom4_8-05-74.czi #1.tif_registered.tif
Dataset:name:WAPL_G2	/uod/idr/filesets/idr0149-batty-sisterchromatids/20230605-ftp/experiment2/wapl_dep_g2_fig2b/wapl_dep_g2_(wapl-dtag)_one_sister/220211_5389_2096_c2_rep2_wapl_dep_on_hemi_g2_zoom4_8-05-74.czi #2.tif_registered.tif
Dataset:name:WAPL_G2	/uod/idr/filesets/idr0149-batty-sisterchromatids/20230605-ftp/experiment2/wapl_dep_g2_fig2b/wapl_dep_g2_(wapl-dtag)_one_sister/220211_5389_2096_c2_rep2_wapl_dep_on_hemi_g2_zoom4_8-06-75.czi #1.tif_registered.tif
Dataset:name:WAPL_G2	/uod/idr/filesets/idr0149-batty-sisterchromatids/20230605-ftp/experiment2/wapl_dep_g2_fig2b/wapl_dep_g2_(wapl-dtag)_one_sister/220211_5389_2096_c2_rep2_wapl_dep_on_hemi_g2_zoom4_8-06-75.czi #2.tif_registered.tif
Dataset:name:WAPL_G2	/uod/idr/filesets/idr0149-batty-sisterchromatids/20230605-ftp/experiment2/wapl_dep_g2_fig2b/wapl_dep_g2_(wapl-dtag)_one_sister/220211_5389_2096_c2_rep2_wapl_dep_on_hemi_g2_zoom4_8-07-76.czi #1.tif_registered.tif
Dataset:name:WAPL_G2	/uod/idr/filesets/idr0149-batty-sisterchromatids/20230605-ftp/experiment2/wapl_dep_g2_fig2b/wapl_dep_g2_(wapl-dtag)_one_sister/220211_5389_2096_c2_rep2_wapl_dep_on_hemi_g2_zoom4_8-07-76.czi #2.tif_registered.tif
Dataset:name:WAPL_G2	/uod/idr/filesets/idr0149-batty-sisterchromatids/20230605-ftp/experiment2/wapl_dep_g2_fig2b/wapl_dep_g2_(wapl-dtag)_one_sister/220211_5389_2096_c2_rep2_wapl_dep_on_hemi_g2_zoom4_8-09-77-78.tif_registered.tif
Dataset:name:WAPL_G2	/uod/idr/filesets/idr0149-batty-sisterchromatids/20230605-ftp/experiment2/wapl_dep_g2_fig2b/wapl_dep_g2_(wapl-dtag)_one_sister/220211_5389_2096_c2_rep2_wapl_dep_on_hemi_g2_zoom4_8-10-80.tif_registered.tif
Dataset:name:WAPL_G2	/uod/idr/filesets/idr0149-batty-sisterchromatids/20230605-ftp/experiment2/wapl_dep_g2_fig2b/wapl_dep_g2_(wapl-dtag)_one_sister/220405_2096_wapl_dep_rep1_hemi_stain_scc1_cycb1_zoom4_8-02-102.czi #1.tif_registered.tif
Dataset:name:WAPL_G2	/uod/idr/filesets/idr0149-batty-sisterchromatids/20230605-ftp/experiment2/wapl_dep_g2_fig2b/wapl_dep_g2_(wapl-dtag)_one_sister/220405_2096_wapl_dep_rep1_hemi_stain_scc1_cycb1_zoom4_8-02-102.czi #2.tif_registered.tif
Dataset:name:WAPL_G2	/uod/idr/filesets/idr0149-batty-sisterchromatids/20230605-ftp/experiment2/wapl_dep_g2_fig2b/wapl_dep_g2_(wapl-dtag)_one_sister/220405_2096_wapl_dep_rep1_hemi_stain_scc1_cycb1_zoom4_8-02-102.czi #3.tif_registered.tif
Dataset:name:WAPL_G2	/uod/idr/filesets/idr0149-batty-sisterchromatids/20230605-ftp/experiment2/wapl_dep_g2_fig2b/wapl_dep_g2_(wapl-dtag)_one_sister/220405_2096_wapl_dep_rep1_hemi_stain_scc1_cycb1_zoom4_8-02-102.czi #4.tif_registered.tif
Dataset:name:WAPL_G2	/uod/idr/filesets/idr0149-batty-sisterchromatids/20230605-ftp/experiment2/wapl_dep_g2_fig2b/wapl_dep_g2_(wapl-dtag)_one_sister/220405_2096_wapl_dep_rep1_hemi_stain_scc1_cycb1_zoom4_8-03-103.czi #1.tif_registered.tif
Dataset:name:WAPL_G2	/uod/idr/filesets/idr0149-batty-sisterchromatids/20230605-ftp/experiment2/wapl_dep_g2_fig2b/wapl_dep_g2_(wapl-dtag)_one_sister/220405_2096_wapl_dep_rep1_hemi_stain_scc1_cycb1_zoom4_8-03-103.czi #2.tif_registered.tif
Dataset:name:WAPL_G2	/uod/idr/filesets/idr0149-batty-sisterchromatids/20230605-ftp/experiment2/wapl_dep_g2_fig2b/wapl_dep_g2_(wapl-dtag)_one_sister/220405_2096_wapl_dep_rep1_hemi_stain_scc1_cycb1_zoom4_8-03-103.czi #3.tif_registered.tif
Dataset:name:WAPL_G2	/uod/idr/filesets/idr0149-batty-sisterchromatids/20230605-ftp/experiment2/wapl_dep_g2_fig2b/wapl_dep_g2_(wapl-dtag)_one_sister/220405_2096_wapl_dep_rep1_hemi_stain_scc1_cycb1_zoom4_8-05-104.czi #2.tif_registered.tif
Dataset:name:WAPL_G2	/uod/idr/filesets/idr0149-batty-sisterchromatids/20230605-ftp/experiment2/wapl_dep_g2_fig2b/wapl_dep_g2_(wapl-dtag)_one_sister/220405_2096_wapl_dep_rep1_hemi_stain_scc1_cycb1_zoom4_8-05-104.czi #3.tif_registered.tif
Dataset:name:WAPL_G2	/uod/idr/filesets/idr0149-batty-sisterchromatids/20230605-ftp/experiment2/wapl_dep_g2_fig2b/wapl_dep_g2_(wapl-dtag)_one_sister/220405_2096_wapl_dep_rep1_hemi_stain_scc1_cycb1_zoom4_8-05-104.czi #4.tif_registered.tif
Dataset:name:WAPL_G2	/uod/idr/filesets/idr0149-batty-sisterchromatids/20230605-ftp/experiment2/wapl_dep_g2_fig2b/wapl_dep_g2_(wapl-dtag)_one_sister/220405_2096_wapl_dep_rep1_hemi_stain_scc1_cycb1_zoom4_8-05-104.czi #5.tif_registered.tif
Dataset:name:WAPL_G2	/uod/idr/filesets/idr0149-batty-sisterchromatids/20230605-ftp/experiment2/wapl_dep_g2_fig2b/wapl_dep_g2_(wapl-dtag)_one_sister/220405_2096_wapl_dep_rep2_hemi_stain_scc1_cycb1_zoom4_8-03-105.czi #1.tif_registered.tif
Dataset:name:WAPL_G2	/uod/idr/filesets/idr0149-batty-sisterchromatids/20230605-ftp/experiment2/wapl_dep_g2_fig2b/wapl_dep_g2_(wapl-dtag)_one_sister/220405_2096_wapl_dep_rep2_hemi_stain_scc1_cycb1_zoom4_8-03-105.czi #2.tif_registered.tif
Dataset:name:WAPL_G2	/uod/idr/filesets/idr0149-batty-sisterchromatids/20230605-ftp/experiment2/wapl_dep_g2_fig2b/wapl_dep_g2_(wapl-dtag)_one_sister/220405_2096_wapl_dep_rep2_hemi_stain_scc1_cycb1_zoom4_8-04-106.czi #1.tif_registered.tif
Dataset:name:WAPL_G2	/uod/idr/filesets/idr0149-batty-sisterchromatids/20230605-ftp/experiment2/wapl_dep_g2_fig2b/wapl_dep_g2_(wapl-dtag)_one_sister/220405_2096_wapl_dep_rep2_hemi_stain_scc1_cycb1_zoom4_8-04-106.czi #2.tif_registered.tif
Dataset:name:WAPL_G2	/uod/idr/filesets/idr0149-batty-sisterchromatids/20230605-ftp/experiment2/wapl_dep_g2_fig2b/wapl_dep_g2_(wapl-dtag)_one_sister/220405_2096_wapl_dep_rep2_hemi_stain_scc1_cycb1_zoom4_8-04-106.czi #3.tif_registered.tif
Dataset:name:WAPL_G2	/uod/idr/filesets/idr0149-batty-sisterchromatids/20230605-ftp/experiment2/wapl_dep_g2_fig2b/wapl_dep_g2_(wapl-dtag)_one_sister/220405_2096_wapl_dep_rep2_hemi_stain_scc1_cycb1_zoom4_8-05-108.czi #1.tif_registered.tif
Dataset:name:WAPL_G2	/uod/idr/filesets/idr0149-batty-sisterchromatids/20230605-ftp/experiment2/wapl_dep_g2_fig2b/wapl_dep_g2_(wapl-dtag)_one_sister/220405_2096_wapl_dep_rep2_hemi_stain_scc1_cycb1_zoom4_8-05-108.czi #2.tif_registered.tif
Dataset:name:WAPL_G2	/uod/idr/filesets/idr0149-batty-sisterchromatids/20230605-ftp/experiment2/wapl_dep_g2_figev6_smc4aid_wapl_dtag/wapl_dep_g2_(wapl-dtag_smc4-aid)_one_sister/220404_2108_Wapl_dep_on_g2_rep1_stain_smc4_cycb1_zoom4_8-02-04.czi #1.tif_registered.tif
Dataset:name:WAPL_G2	/uod/idr/filesets/idr0149-batty-sisterchromatids/20230605-ftp/experiment2/wapl_dep_g2_figev6_smc4aid_wapl_dtag/wapl_dep_g2_(wapl-dtag_smc4-aid)_one_sister/220404_2108_Wapl_dep_on_g2_rep1_stain_smc4_cycb1_zoom4_8-02-04.czi #2.tif_registered.tif
Dataset:name:WAPL_G2	/uod/idr/filesets/idr0149-batty-sisterchromatids/20230605-ftp/experiment2/wapl_dep_g2_figev6_smc4aid_wapl_dtag/wapl_dep_g2_(wapl-dtag_smc4-aid)_one_sister/220404_2108_Wapl_dep_on_g2_rep1_stain_smc4_cycb1_zoom4_8-02-04.czi #3.tif_registered.tif
Dataset:name:WAPL_G2	/uod/idr/filesets/idr0149-batty-sisterchromatids/20230605-ftp/experiment2/wapl_dep_g2_figev6_smc4aid_wapl_dtag/wapl_dep_g2_(wapl-dtag_smc4-aid)_one_sister/220404_2108_Wapl_dep_on_g2_rep1_stain_smc4_cycb1_zoom4_8-03-05.tif_registered.tif
Dataset:name:WAPL_G2	/uod/idr/filesets/idr0149-batty-sisterchromatids/20230605-ftp/experiment2/wapl_dep_g2_figev6_smc4aid_wapl_dtag/wapl_dep_g2_(wapl-dtag_smc4-aid)_one_sister/220404_2108_Wapl_dep_on_g2_rep1_stain_smc4_cycb1_zoom4_8-06-06.tif_registered.tif
Dataset:name:WAPL_G2	/uod/idr/filesets/idr0149-batty-sisterchromatids/20230605-ftp/experiment2/wapl_dep_g2_figev6_smc4aid_wapl_dtag/wapl_dep_g2_(wapl-dtag_smc4-aid)_one_sister/220404_2108_Wapl_dep_on_g2_rep1_stain_smc4_cycb1_zoom4_8-08-07.czi #1.tif_registered.tif
Dataset:name:WAPL_G2	/uod/idr/filesets/idr0149-batty-sisterchromatids/20230605-ftp/experiment2/wapl_dep_g2_figev6_smc4aid_wapl_dtag/wapl_dep_g2_(wapl-dtag_smc4-aid)_one_sister/220404_2108_Wapl_dep_on_g2_rep1_stain_smc4_cycb1_zoom4_8-08-07.czi #2.tif_registered.tif
Dataset:name:WAPL_G2	/uod/idr/filesets/idr0149-batty-sisterchromatids/20230605-ftp/experiment2/wapl_dep_g2_figev6_smc4aid_wapl_dtag/wapl_dep_g2_(wapl-dtag_smc4-aid)_one_sister/220404_2108_Wapl_dep_on_g2_rep2_stain_smc4_cycb1_zoom4_8-03-08.czi #1.tif_registered.tif
Dataset:name:WAPL_G2	/uod/idr/filesets/idr0149-batty-sisterchromatids/20230605-ftp/experiment2/wapl_dep_g2_figev6_smc4aid_wapl_dtag/wapl_dep_g2_(wapl-dtag_smc4-aid)_one_sister/220404_2108_Wapl_dep_on_g2_rep2_stain_smc4_cycb1_zoom4_8-03-08.czi #2.tif_registered.tif
Dataset:name:WAPL_G2	/uod/idr/filesets/idr0149-batty-sisterchromatids/20230605-ftp/experiment2/wapl_dep_g2_figev6_smc4aid_wapl_dtag/wapl_dep_g2_(wapl-dtag_smc4-aid)_one_sister/220404_2108_Wapl_dep_on_g2_rep2_stain_smc4_cycb1_zoom4_8-03-08.czi #3.tif_registered.tif
Dataset:name:WAPL_G2	/uod/idr/filesets/idr0149-batty-sisterchromatids/20230605-ftp/experiment2/wapl_dep_g2_figev6_smc4aid_wapl_dtag/wapl_dep_g2_(wapl-dtag_smc4-aid)_one_sister/220404_2108_Wapl_dep_on_g2_rep2_stain_smc4_cycb1_zoom4_8-03-08.czi #4.tif_registered.tif
Dataset:name:WAPL_G2	/uod/idr/filesets/idr0149-batty-sisterchromatids/20230605-ftp/experiment2/wapl_dep_g2_figev6_smc4aid_wapl_dtag/wapl_dep_g2_(wapl-dtag_smc4-aid)_one_sister/220404_2108_Wapl_dep_on_g2_rep2_stain_smc4_cycb1_zoom4_8-03-08.czi #5.tif_registered.tif
Dataset:name:WAPL_G2	/uod/idr/filesets/idr0149-batty-sisterchromatids/20230605-ftp/experiment2/wapl_dep_g2_figev6_smc4aid_wapl_dtag/wapl_dep_g2_(wapl-dtag_smc4-aid)_one_sister/220404_2108_Wapl_dep_on_g2_rep2_stain_smc4_cycb1_zoom4_8-04-09-10.tif_registered.tif
Dataset:name:WAPL_G2	/uod/idr/filesets/idr0149-batty-sisterchromatids/20230605-ftp/experiment2/wapl_dep_g2_figev6_smc4aid_wapl_dtag/wapl_dep_g2_(wapl-dtag_smc4-aid)_one_sister/220404_2108_Wapl_dep_on_g2_rep2_stain_smc4_cycb1_zoom4_8-04-09-11.tif_registered.tif
Dataset:name:WAPL_G2	/uod/idr/filesets/idr0149-batty-sisterchromatids/20230605-ftp/experiment2/wapl_dep_g2_figev6_smc4aid_wapl_dtag/wapl_dep_g2_(wapl-dtag_smc4-aid)_one_sister/220404_2108_Wapl_dep_on_g2_rep2_stain_smc4_cycb1_zoom4_8-04-09-12.tif_registered.tif
Dataset:name:WAPL_G2	/uod/idr/filesets/idr0149-batty-sisterchromatids/20230605-ftp/experiment2/wapl_dep_g2_figev6_smc4aid_wapl_dtag/wapl_dep_g2_(wapl-dtag_smc4-aid)_one_sister/220404_2108_Wapl_dep_on_g2_rep2_stain_smc4_cycb1_zoom4_8-04-09-14.tif_registered.tif
Dataset:name:WAPL_G2	/uod/idr/filesets/idr0149-batty-sisterchromatids/20230605-ftp/experiment2/wapl_dep_g2_figev6_smc4aid_wapl_dtag/wapl_dep_g2_(wapl-dtag_smc4-aid)_one_sister/220404_2108_Wapl_dep_on_g2_rep2_stain_smc4_cycb1_zoom4_8-05-16.tif_registered.tif
Dataset:name:WAPL_G2	/uod/idr/filesets/idr0149-batty-sisterchromatids/20230605-ftp/experiment2/wapl_dep_g2_figev6_smc4aid_wapl_dtag/wapl_dep_g2_(wapl-dtag_smc4-aid)_one_sister/220404_2108_Wapl_dep_on_g2_rep3_stain_smc4_cycb1_zoom4_8-03-21.czi #1.tif_registered.tif
Dataset:name:WAPL_G2	/uod/idr/filesets/idr0149-batty-sisterchromatids/20230605-ftp/experiment2/wapl_dep_g2_figev6_smc4aid_wapl_dtag/wapl_dep_g2_(wapl-dtag_smc4-aid)_one_sister/220404_2108_Wapl_dep_on_g2_rep3_stain_smc4_cycb1_zoom4_8-03-21.czi #2.tif_registered.tif
Dataset:name:WAPL_G2	/uod/idr/filesets/idr0149-batty-sisterchromatids/20230605-ftp/experiment2/wapl_dep_g2_figev6_smc4aid_wapl_dtag/wapl_dep_g2_(wapl-dtag_smc4-aid)_one_sister/220404_2108_Wapl_dep_on_g2_rep3_stain_smc4_cycb1_zoom4_8-03-21.czi #3.tif_registered.tif
Dataset:name:WAPL_G2	/uod/idr/filesets/idr0149-batty-sisterchromatids/20230605-ftp/experiment2/wapl_dep_g2_figev6_smc4aid_wapl_dtag/wapl_dep_g2_(wapl-dtag_smc4-aid)_one_sister/220404_2108_Wapl_dep_on_g2_rep3_stain_smc4_cycb1_zoom4_8-03-21.czi #4.tif_registered.tif
Dataset:name:WAPL_G2	/uod/idr/filesets/idr0149-batty-sisterchromatids/20230605-ftp/experiment2/wapl_dep_g2_figev6_smc4aid_wapl_dtag/wapl_dep_g2_(wapl-dtag_smc4-aid)_one_sister/220404_2108_Wapl_dep_on_g2_rep3_stain_smc4_cycb1_zoom4_8-03-21.czi #5.tif_registered.tif
Dataset:name:WAPL_G2	/uod/idr/filesets/idr0149-batty-sisterchromatids/20230605-ftp/experiment2/wapl_dep_g2_figev6_smc4aid_wapl_dtag/wapl_dep_g2_(wapl-dtag_smc4-aid)_one_sister/220404_2108_Wapl_dep_on_g2_rep3_stain_smc4_cycb1_zoom4_8-03-21.czi #7.tif_registered.tif
Dataset:name:WAPL_G2	/uod/idr/filesets/idr0149-batty-sisterchromatids/20230605-ftp/experiment2/wapl_dep_g2_figev6_smc4aid_wapl_dtag/wapl_dep_g2_(wapl-dtag_smc4-aid)_one_sister/220404_2108_Wapl_dep_on_g2_rep3_stain_smc4_cycb1_zoom4_8-03-21.czi #8.tif_registered.tif
Dataset:name:WAPL_G2	/uod/idr/filesets/idr0149-batty-sisterchromatids/20230605-ftp/experiment2/wapl_dep_g2_figev6_smc4aid_wapl_dtag/wapl_dep_g2_(wapl-dtag_smc4-aid)_one_sister/220404_2108_Wapl_dep_on_g2_rep4_stain_smc4_cycb1_zoom4_8-01-17.czi #1.tif_registered.tif
Dataset:name:WAPL_G2	/uod/idr/filesets/idr0149-batty-sisterchromatids/20230605-ftp/experiment2/wapl_dep_g2_figev6_smc4aid_wapl_dtag/wapl_dep_g2_(wapl-dtag_smc4-aid)_one_sister/220404_2108_Wapl_dep_on_g2_rep4_stain_smc4_cycb1_zoom4_8-01-17.czi #2.tif_registered.tif
Dataset:name:WAPL_G2	/uod/idr/filesets/idr0149-batty-sisterchromatids/20230605-ftp/experiment2/wapl_dep_g2_figev6_smc4aid_wapl_dtag/wapl_dep_g2_(wapl-dtag_smc4-aid)_one_sister/220404_2108_Wapl_dep_on_g2_rep4_stain_smc4_cycb1_zoom4_8-01-17.czi #3.tif_registered.tif
Dataset:name:WAPL_G2	/uod/idr/filesets/idr0149-batty-sisterchromatids/20230605-ftp/experiment2/wapl_dep_g2_figev6_smc4aid_wapl_dtag/wapl_dep_g2_(wapl-dtag_smc4-aid)_one_sister/220404_2108_Wapl_dep_on_g2_rep4_stain_smc4_cycb1_zoom4_8-02-18.tif_registered.tif
Dataset:name:WAPL_G2	/uod/idr/filesets/idr0149-batty-sisterchromatids/20230605-ftp/experiment2/wapl_dep_g2_figev6_smc4aid_wapl_dtag/wapl_dep_g2_(wapl-dtag_smc4-aid)_one_sister/220404_2108_Wapl_dep_on_g2_rep4_stain_smc4_cycb1_zoom4_8-03-19.tif_registered.tif
Dataset:name:WAPL_G2	/uod/idr/filesets/idr0149-batty-sisterchromatids/20230605-ftp/experiment2/wapl_dep_g2_figev6_smc4aid_wapl_dtag/wapl_dep_g2_(wapl-dtag_smc4-aid)_one_sister/220404_2108_Wapl_dep_on_g2_rep4_stain_smc4_cycb1_zoom4_8-04-20.czi #2.tif_registered.tif
Dataset:name:WAPL_G2	/uod/idr/filesets/idr0149-batty-sisterchromatids/20230605-ftp/experiment2/wapl_dep_g2_figev6_smc4aid_wapl_dtag/wapl_dep_g2_(wapl-dtag_smc4-aid)_one_sister/5303_2108_ON_G2_ctrl_siRNA_wapl_depleted_hemi_zoom4_5_rep1_scc1_cycb1-02-37.tif_registered.tif
Dataset:name:WAPL_G2	/uod/idr/filesets/idr0149-batty-sisterchromatids/20230605-ftp/experiment2/wapl_dep_g2_figev6_smc4aid_wapl_dtag/wapl_dep_g2_(wapl-dtag_smc4-aid)_one_sister/5303_2108_ON_G2_ctrl_siRNA_wapl_depleted_hemi_zoom4_8_rep1_scc1_cycb1-01-34.tif_registered.tif
Dataset:name:WAPL_G2	/uod/idr/filesets/idr0149-batty-sisterchromatids/20230605-ftp/experiment2/wapl_dep_g2_figev6_smc4aid_wapl_dtag/wapl_dep_g2_(wapl-dtag_smc4-aid)_one_sister/5303_2108_ON_G2_ctrl_siRNA_wapl_depleted_hemi_zoom4_8_rep1_scc1_cycb1-02-38.czi #1.tif_registered.tif
Dataset:name:WAPL_G2	/uod/idr/filesets/idr0149-batty-sisterchromatids/20230605-ftp/experiment2/wapl_dep_g2_figev6_smc4aid_wapl_dtag/wapl_dep_g2_(wapl-dtag_smc4-aid)_one_sister/5303_2108_ON_G2_ctrl_siRNA_wapl_depleted_hemi_zoom4_8_rep1_scc1_cycb1-04-26-35.tif_registered.tif
Dataset:name:WAPL_G2	/uod/idr/filesets/idr0149-batty-sisterchromatids/20230605-ftp/experiment2/wapl_dep_g2_figev6_smc4aid_wapl_dtag/wapl_dep_g2_(wapl-dtag_smc4-aid)_one_sister/5303_2108_ON_G2_ctrl_siRNA_wapl_depleted_hemi_zoom4_8_rep1_scc1_cycb1-05-27.tif_registered.tif
Dataset:name:WAPL_G2	/uod/idr/filesets/idr0149-batty-sisterchromatids/20230605-ftp/experiment2/wapl_dep_g2_figev6_smc4aid_wapl_dtag/wapl_dep_g2_(wapl-dtag_smc4-aid)_one_sister/5303_2108_ON_G2_ctrl_siRNA_wapl_depleted_hemi_zoom4_8_rep1_scc1_cycb1-09-28-31.tif_registered.tif
Dataset:name:WAPL_G2	/uod/idr/filesets/idr0149-batty-sisterchromatids/20230605-ftp/experiment2/wapl_dep_g2_figev6_smc4aid_wapl_dtag/wapl_dep_g2_(wapl-dtag_smc4-aid)_one_sister/5303_2108_ON_G2_ctrl_siRNA_wapl_depleted_hemi_zoom4_8_rep1_scc1_cycb1-10-33.tif_registered.tif
Dataset:name:WAPL_G2	/uod/idr/filesets/idr0149-batty-sisterchromatids/20230605-ftp/experiment2/wapl_dep_g2_figev6_smc4aid_wapl_dtag/wapl_dep_g2_(wapl-dtag_smc4-aid)_one_sister/5303_2108_ON_G2_ctrl_siRNA_wapl_depleted_hemi_zoom4_8_rep1_smc4_cycb1-02-42.tif_registered.tif
Dataset:name:WAPL_G2	/uod/idr/filesets/idr0149-batty-sisterchromatids/20230605-ftp/experiment2/wapl_dep_g2_figev6_smc4aid_wapl_dtag/wapl_dep_g2_(wapl-dtag_smc4-aid)_one_sister/5303_2108_ON_G2_ctrl_siRNA_wapl_depleted_hemi_zoom4_8_rep1_smc4_cycb1-10-37.tif_registered.tif
Dataset:name:WAPL_G2	/uod/idr/filesets/idr0149-batty-sisterchromatids/20230605-ftp/experiment2/wapl_dep_g2_figev6_smc4aid_wapl_dtag/wapl_dep_g2_(wapl-dtag_smc4-aid)_one_sister/5303_2108_ON_G2_ctrl_siRNA_wapl_depleted_hemi_zoom4_8_rep1_smc4_cycb1-14-38.tif_registered.tif
Dataset:name:WAPL_G2	/uod/idr/filesets/idr0149-batty-sisterchromatids/20230605-ftp/experiment2/wapl_dep_g2_figev6_smc4aid_wapl_dtag/wapl_dep_g2_(wapl-dtag_smc4-aid)_one_sister/5303_2108_ON_G2_ctrl_siRNA_wapl_depleted_hemi_zoom4_8_rep1_smc4_cycb1-15-40.tif_registered.tif
Dataset:name:WAPL_G2	/uod/idr/filesets/idr0149-batty-sisterchromatids/20230605-ftp/experiment2/wapl_dep_g2_figev6_smc4aid_wapl_dtag/wapl_dep_g2_(wapl-dtag_smc4-aid)_one_sister/5303_2108_ON_G2_ctrl_siRNA_wapl_depleted_hemi_zoom4_8_rep1_smc4_cycb1-16-41.czi #1.tif_registered.tif
Dataset:name:WAPL_G2	/uod/idr/filesets/idr0149-batty-sisterchromatids/20230605-ftp/experiment2/wapl_dep_g2_figev6_smc4aid_wapl_dtag/wapl_dep_g2_(wapl-dtag_smc4-aid)_one_sister/5303_2108_ON_G2_ctrl_siRNA_wapl_depleted_hemi_zoom4_8_rep1_smc4_cycb1-16-41.czi #2.tif_registered.tif
Dataset:name:WAPL_G2	/uod/idr/filesets/idr0149-batty-sisterchromatids/20230605-ftp/experiment2/wapl_dep_g2_figev6_smc4aid_wapl_dtag/wapl_dep_g2_(wapl-dtag_smc4-aid)_one_sister/5303_2108_ON_G2_ctrl_siRNA_wapl_depleted_hemi_zoom4_8_scc1_cycb1-02-38.czi #2.tif_registered.tif
Dataset:name:WAPL_G2	/uod/idr/filesets/idr0149-batty-sisterchromatids/20230605-ftp/experiment2/wapl_dep_g2_figev6_smc4aid_wapl_dtag/wapl_dep_g2_(wapl-dtag_smc4-aid)_one_sister/5303_2108_ON_G2_ctrl_siRNA_wapl_depleted_hemi_zoom5_rep1_smc4_cycb1-01-35.tif_registered.tif
Dataset:name:WAPL_SMC4_G2	/uod/idr/filesets/idr0149-batty-sisterchromatids/20230605-ftp/experiment2/wapl_dep_g2_figev6_smc4aid_wapl_dtag/wapl_dep_g2_(wapl-dtag_smc4-aid)_one_sister/5303_2108_ON_G2_ctrl_siRNA_wapl_smc4_depleted_hemi_zoom4_5_rep1_scc1_cycb1-01-19.tif_registered.tif
Dataset:name:WAPL_SMC4_G2	/uod/idr/filesets/idr0149-batty-sisterchromatids/20230605-ftp/experiment2/wapl_dep_g2_figev6_smc4aid_wapl_dtag/wapl_dep_g2_(wapl-dtag_smc4-aid)_one_sister/5303_2108_ON_G2_ctrl_siRNA_wapl_smc4_depleted_hemi_zoom4_8_rep1_scc1_cycb1-03-15.tif_registered.tif
Dataset:name:WAPL_SMC4_G2	/uod/idr/filesets/idr0149-batty-sisterchromatids/20230605-ftp/experiment2/wapl_dep_g2_figev6_smc4aid_wapl_dtag/wapl_dep_g2_(wapl-dtag_smc4-aid)_one_sister/5303_2108_ON_G2_ctrl_siRNA_wapl_smc4_depleted_hemi_zoom4_8_rep1_scc1_cycb1-04-18.tif_registered.tif
Dataset:name:WAPL_SMC4_G2	/uod/idr/filesets/idr0149-batty-sisterchromatids/20230605-ftp/experiment2/wapl_dep_g2_figev6_smc4aid_wapl_dtag/wapl_dep_g2_(wapl-dtag_smc4-aid)_one_sister/5303_2108_ON_G2_ctrl_siRNA_wapl_smc4_depleted_hemi_zoom4_8_rep1_scc1_cycb1-06-16.tif_registered.tif
Dataset:name:WAPL_SMC4_G2	/uod/idr/filesets/idr0149-batty-sisterchromatids/20230605-ftp/experiment2/wapl_dep_g2_figev6_smc4aid_wapl_dtag/wapl_dep_g2_(wapl-dtag_smc4-aid)_one_sister/5303_2108_ON_G2_ctrl_siRNA_wapl_smc4_depleted_hemi_zoom4_8_rep1_scc1_cycb1-06-20.tif_registered.tif
Dataset:name:WAPL_SMC4_G2	/uod/idr/filesets/idr0149-batty-sisterchromatids/20230605-ftp/experiment2/wapl_smc4_dep_g2_figev6/wapl_smc4_dep_g2_one_sister/220404_2108_Wapl_smc4_dep_on_g2_rep1_stain_smc4_cycb1_zoom4_8-22.czi #01.tif_registered.tif
Dataset:name:WAPL_SMC4_G2	/uod/idr/filesets/idr0149-batty-sisterchromatids/20230605-ftp/experiment2/wapl_smc4_dep_g2_figev6/wapl_smc4_dep_g2_one_sister/220404_2108_Wapl_smc4_dep_on_g2_rep1_stain_smc4_cycb1_zoom4_8-22.czi #02.tif_registered.tif
Dataset:name:WAPL_SMC4_G2	/uod/idr/filesets/idr0149-batty-sisterchromatids/20230605-ftp/experiment2/wapl_smc4_dep_g2_figev6/wapl_smc4_dep_g2_one_sister/220404_2108_Wapl_smc4_dep_on_g2_rep1_stain_smc4_cycb1_zoom4_8-22.czi #03.tif_registered.tif
Dataset:name:WAPL_SMC4_G2	/uod/idr/filesets/idr0149-batty-sisterchromatids/20230605-ftp/experiment2/wapl_smc4_dep_g2_figev6/wapl_smc4_dep_g2_one_sister/220404_2108_Wapl_smc4_dep_on_g2_rep1_stain_smc4_cycb1_zoom4_8-22.czi #04.tif_registered.tif
Dataset:name:WAPL_SMC4_G2	/uod/idr/filesets/idr0149-batty-sisterchromatids/20230605-ftp/experiment2/wapl_smc4_dep_g2_figev6/wapl_smc4_dep_g2_one_sister/220404_2108_Wapl_smc4_dep_on_g2_rep1_stain_smc4_cycb1_zoom4_8-22.czi #05.tif_registered.tif
Dataset:name:WAPL_SMC4_G2	/uod/idr/filesets/idr0149-batty-sisterchromatids/20230605-ftp/experiment2/wapl_smc4_dep_g2_figev6/wapl_smc4_dep_g2_one_sister/220404_2108_Wapl_smc4_dep_on_g2_rep1_stain_smc4_cycb1_zoom4_8-22.czi #06.tif_registered.tif
Dataset:name:WAPL_SMC4_G2	/uod/idr/filesets/idr0149-batty-sisterchromatids/20230605-ftp/experiment2/wapl_smc4_dep_g2_figev6/wapl_smc4_dep_g2_one_sister/220404_2108_Wapl_smc4_dep_on_g2_rep1_stain_smc4_cycb1_zoom4_8-22.czi #07.tif_registered.tif
Dataset:name:WAPL_SMC4_G2	/uod/idr/filesets/idr0149-batty-sisterchromatids/20230605-ftp/experiment2/wapl_smc4_dep_g2_figev6/wapl_smc4_dep_g2_one_sister/220404_2108_Wapl_smc4_dep_on_g2_rep1_stain_smc4_cycb1_zoom4_8-22.czi #08.tif_registered.tif
Dataset:name:WAPL_SMC4_G2	/uod/idr/filesets/idr0149-batty-sisterchromatids/20230605-ftp/experiment2/wapl_smc4_dep_g2_figev6/wapl_smc4_dep_g2_one_sister/220404_2108_Wapl_smc4_dep_on_g2_rep1_stain_smc4_cycb1_zoom4_8-22.czi #09.tif_registered.tif
Dataset:name:WAPL_SMC4_G2	/uod/idr/filesets/idr0149-batty-sisterchromatids/20230605-ftp/experiment2/wapl_smc4_dep_g2_figev6/wapl_smc4_dep_g2_one_sister/220404_2108_Wapl_smc4_dep_on_g2_rep1_stain_smc4_cycb1_zoom4_8-22.czi #10.tif_registered.tif
Dataset:name:WAPL_SMC4_G2	/uod/idr/filesets/idr0149-batty-sisterchromatids/20230605-ftp/experiment2/wapl_smc4_dep_g2_figev6/wapl_smc4_dep_g2_one_sister/220404_2108_Wapl_smc4_dep_on_g2_rep2_stain_smc4_cycb1_zoom4_8-02-24.tif_registered.tif
Dataset:name:WAPL_SMC4_G2	/uod/idr/filesets/idr0149-batty-sisterchromatids/20230605-ftp/experiment2/wapl_smc4_dep_g2_figev6/wapl_smc4_dep_g2_one_sister/220404_2108_Wapl_smc4_dep_on_g2_rep2_stain_smc4_cycb1_zoom4_8-23.czi #1.tif_registered.tif
Dataset:name:WAPL_SMC4_G2	/uod/idr/filesets/idr0149-batty-sisterchromatids/20230605-ftp/experiment2/wapl_smc4_dep_g2_figev6/wapl_smc4_dep_g2_one_sister/220404_2108_Wapl_smc4_dep_on_g2_rep2_stain_smc4_cycb1_zoom4_8-23.czi #2.tif_registered.tif
Dataset:name:WAPL_SMC4_G2	/uod/idr/filesets/idr0149-batty-sisterchromatids/20230605-ftp/experiment2/wapl_smc4_dep_g2_figev6/wapl_smc4_dep_g2_one_sister/220404_2108_Wapl_smc4_dep_on_g2_rep2_stain_smc4_cycb1_zoom4_8-23.czi #3.tif_registered.tif
Dataset:name:WAPL_SMC4_G2	/uod/idr/filesets/idr0149-batty-sisterchromatids/20230605-ftp/experiment2/wapl_smc4_dep_g2_figev6/wapl_smc4_dep_g2_one_sister/220404_2108_Wapl_smc4_dep_on_g2_rep2_stain_smc4_cycb1_zoom4_8-23.czi #4.tif_registered.tif
Dataset:name:WAPL_SMC4_G2	/uod/idr/filesets/idr0149-batty-sisterchromatids/20230605-ftp/experiment2/wapl_smc4_dep_g2_figev6/wapl_smc4_dep_g2_one_sister/220404_2108_Wapl_smc4_dep_on_g2_rep2_stain_smc4_cycb1_zoom4_8-23.czi #5.tif_registered.tif
Dataset:name:WAPL_SMC4_G2	/uod/idr/filesets/idr0149-batty-sisterchromatids/20230605-ftp/experiment2/wapl_smc4_dep_g2_figev6/wapl_smc4_dep_g2_one_sister/220404_2108_Wapl_smc4_dep_on_g2_rep2_stain_smc4_cycb1_zoom4_8-23.czi #6.tif_registered.tif
Dataset:name:WAPL_SMC4_G2	/uod/idr/filesets/idr0149-batty-sisterchromatids/20230605-ftp/experiment2/wapl_smc4_dep_g2_figev6/wapl_smc4_dep_g2_one_sister/220404_2108_Wapl_smc4_dep_on_g2_rep2_stain_smc4_cycb1_zoom4_8-23.czi #7.tif_registered.tif
Dataset:name:WAPL_SMC4_G2	/uod/idr/filesets/idr0149-batty-sisterchromatids/20230605-ftp/experiment2/wapl_smc4_dep_g2_figev6/wapl_smc4_dep_g2_one_sister/220404_2108_Wapl_smc4_dep_on_g2_rep3_stain_smc4_cycb1_zoom4_8-40.czi #1.tif_registered.tif
Dataset:name:WAPL_SMC4_G2	/uod/idr/filesets/idr0149-batty-sisterchromatids/20230605-ftp/experiment2/wapl_smc4_dep_g2_figev6/wapl_smc4_dep_g2_one_sister/220404_2108_Wapl_smc4_dep_on_g2_rep3_stain_smc4_cycb1_zoom4_8-40.czi #2.tif_registered.tif
Dataset:name:WAPL_SMC4_G2	/uod/idr/filesets/idr0149-batty-sisterchromatids/20230605-ftp/experiment2/wapl_smc4_dep_g2_figev6/wapl_smc4_dep_g2_one_sister/220404_2108_Wapl_smc4_dep_on_g2_rep3_stain_smc4_cycb1_zoom4_8-40.czi #3.tif_registered.tif
Dataset:name:WAPL_SMC4_G2	/uod/idr/filesets/idr0149-batty-sisterchromatids/20230605-ftp/experiment2/wapl_smc4_dep_g2_figev6/wapl_smc4_dep_g2_one_sister/220404_2108_Wapl_smc4_dep_on_g2_rep3_stain_smc4_cycb1_zoom4_8-40.czi #4.tif_registered.tif
Dataset:name:WAPL_SMC4_G2	/uod/idr/filesets/idr0149-batty-sisterchromatids/20230605-ftp/experiment2/wapl_smc4_dep_g2_figev6/wapl_smc4_dep_g2_one_sister/220404_2108_Wapl_smc4_dep_on_g2_rep3_stain_smc4_cycb1_zoom4_8-40.czi #5.tif_registered.tif
Dataset:name:WAPL_SMC4_G2	/uod/idr/filesets/idr0149-batty-sisterchromatids/20230605-ftp/experiment2/wapl_smc4_dep_g2_figev6/wapl_smc4_dep_g2_one_sister/220404_2108_Wapl_smc4_dep_on_g2_rep3_stain_smc4_cycb1_zoom4_8-40.czi #6.tif_registered.tif
Dataset:name:WAPL_SMC4_G2	/uod/idr/filesets/idr0149-batty-sisterchromatids/20230605-ftp/experiment2/wapl_smc4_dep_g2_figev6/wapl_smc4_dep_g2_one_sister/220404_2108_Wapl_smc4_dep_on_g2_rep3_stain_smc4_cycb1_zoom4_8-40.czi #7.tif_registered.tif
Dataset:name:WAPL_SMC4_G2	/uod/idr/filesets/idr0149-batty-sisterchromatids/20230605-ftp/experiment2/wapl_smc4_dep_g2_figev6/wapl_smc4_dep_g2_one_sister/220404_2108_Wapl_smc4_dep_on_g2_rep3_stain_smc4_cycb1_zoom4_8-40.czi #8.tif_registered.tif
Dataset:name:WAPL_SMC4_G2	/uod/idr/filesets/idr0149-batty-sisterchromatids/20230605-ftp/experiment2/wapl_smc4_dep_g2_figev6/wapl_smc4_dep_g2_one_sister/220404_2108_Wapl_smc4_dep_on_g2_rep3_stain_smc4_cycb1_zoom4_8-40.czi #9.tif_registered.tif
Dataset:name:WAPL_SMC4_G2	/uod/idr/filesets/idr0149-batty-sisterchromatids/20230605-ftp/experiment2/wapl_smc4_dep_g2_figev6/wapl_smc4_dep_g2_one_sister/5303_2108_ON_G2_ctrl_siRNA_smc4+wapl_depleted_hemi_zoom4_8_rep1_smc4_cycb1-02-60.tif_registered.tif
Dataset:name:WAPL_SMC4_G2	/uod/idr/filesets/idr0149-batty-sisterchromatids/20230605-ftp/experiment2/wapl_smc4_dep_g2_figev6/wapl_smc4_dep_g2_one_sister/5303_2108_ON_G2_ctrl_siRNA_smc4+wapl_depleted_hemi_zoom4_8_rep1_smc4_cycb1-06-61.tif_registered.tif
Dataset:name:WAPL_SMC4_G2	/uod/idr/filesets/idr0149-batty-sisterchromatids/20230605-ftp/experiment2/wapl_smc4_dep_g2_figev6/wapl_smc4_dep_g2_one_sister/5303_2108_ON_G2_ctrl_siRNA_smc4+wapl_depleted_hemi_zoom4_8_rep1_smc4_cycb1-08-56.tif_registered.tif
Dataset:name:WAPL_SMC4_G2	/uod/idr/filesets/idr0149-batty-sisterchromatids/20230605-ftp/experiment2/wapl_smc4_dep_g2_figev6/wapl_smc4_dep_g2_one_sister/5303_2108_ON_G2_ctrl_siRNA_smc4+wapl_depleted_hemi_zoom4_8_rep1_smc4_cycb1-13-62-64.tif_registered.tif
Dataset:name:WAPL_SMC4_G2	/uod/idr/filesets/idr0149-batty-sisterchromatids/20230605-ftp/experiment2/wapl_smc4_dep_g2_figev6/wapl_smc4_dep_g2_one_sister/5303_2108_ON_G2_ctrl_siRNA_smc4+wapl_depleted_hemi_zoom4_8_rep1_smc4_cycb1-14-57.tif_registered.tif
Dataset:name:WAPL_SMC4_G2	/uod/idr/filesets/idr0149-batty-sisterchromatids/20230605-ftp/experiment2/wapl_smc4_dep_g2_figev6/wapl_smc4_dep_g2_one_sister/5303_2108_ON_G2_ctrl_siRNA_smc4+wapl_depleted_hemi_zoom4_8_rep1_smc4_cycb1-20-67.tif_registered.tif
Dataset:name:WAPL_SMC4_G2	/uod/idr/filesets/idr0149-batty-sisterchromatids/20230605-ftp/experiment2/wapl_smc4_dep_g2_figev6/wapl_smc4_dep_g2_one_sister/5303_2108_ON_G2_ctrl_siRNA_smc4+wapl_depleted_hemi_zoom4_8_rep1_smc4_cycb1-24-68.tif_registered.tif
Dataset:name:WAPL_SORORIN_G2	/uod/idr/filesets/idr0149-batty-sisterchromatids/20230605-ftp/experiment2/wapl_sororin_dep_g2/wapl_sororin_dep_g2_one_sister/220211_5389_2096_c1_rep1_wapl_sor_dep_on_hemi_g2_zoom4_8-02-17.czi #1.tif_registered.tif
Dataset:name:WAPL_SORORIN_G2	/uod/idr/filesets/idr0149-batty-sisterchromatids/20230605-ftp/experiment2/wapl_sororin_dep_g2/wapl_sororin_dep_g2_one_sister/220211_5389_2096_c1_rep1_wapl_sor_dep_on_hemi_g2_zoom4_8-02-17.czi #2.tif_registered.tif
Dataset:name:WAPL_SORORIN_G2	/uod/idr/filesets/idr0149-batty-sisterchromatids/20230605-ftp/experiment2/wapl_sororin_dep_g2/wapl_sororin_dep_g2_one_sister/220211_5389_2096_c1_rep1_wapl_sor_dep_on_hemi_g2_zoom4_8-04-18.czi #1.tif_registered.tif
Dataset:name:WAPL_SORORIN_G2	/uod/idr/filesets/idr0149-batty-sisterchromatids/20230605-ftp/experiment2/wapl_sororin_dep_g2/wapl_sororin_dep_g2_one_sister/220211_5389_2096_c1_rep1_wapl_sor_dep_on_hemi_g2_zoom4_8-04-18.czi #2.tif_registered.tif
Dataset:name:WAPL_SORORIN_G2	/uod/idr/filesets/idr0149-batty-sisterchromatids/20230605-ftp/experiment2/wapl_sororin_dep_g2/wapl_sororin_dep_g2_one_sister/220211_5389_2096_c1_rep1_wapl_sor_dep_on_hemi_g2_zoom4_8-06-19.czi #1.tif_registered.tif
Dataset:name:WAPL_SORORIN_G2	/uod/idr/filesets/idr0149-batty-sisterchromatids/20230605-ftp/experiment2/wapl_sororin_dep_g2/wapl_sororin_dep_g2_one_sister/220211_5389_2096_c1_rep1_wapl_sor_dep_on_hemi_g2_zoom4_8-06-19.czi #2.tif_registered.tif
Dataset:name:WAPL_SORORIN_G2	/uod/idr/filesets/idr0149-batty-sisterchromatids/20230605-ftp/experiment2/wapl_sororin_dep_g2/wapl_sororin_dep_g2_one_sister/220211_5389_2096_c1_rep1_wapl_sor_dep_on_hemi_g2_zoom4_8-07-20.tif_registered.tif
Dataset:name:WAPL_SORORIN_G2	/uod/idr/filesets/idr0149-batty-sisterchromatids/20230605-ftp/experiment2/wapl_sororin_dep_g2/wapl_sororin_dep_g2_one_sister/220211_5389_2096_c1_rep1_wapl_sor_dep_on_hemi_g2_zoom4_8-08-21..czi #2.tif_registered.tif
Dataset:name:WAPL_SORORIN_G2	/uod/idr/filesets/idr0149-batty-sisterchromatids/20230605-ftp/experiment2/wapl_sororin_dep_g2/wapl_sororin_dep_g2_one_sister/220211_5389_2096_c1_rep1_wapl_sor_dep_on_hemi_g2_zoom4_8-08-21..czi #3.tif_registered.tif
Dataset:name:WAPL_SORORIN_G2	/uod/idr/filesets/idr0149-batty-sisterchromatids/20230605-ftp/experiment2/wapl_sororin_dep_g2/wapl_sororin_dep_g2_one_sister/220211_5389_2096_c1_rep1_wapl_sor_dep_on_hemi_g2_zoom4_8-08-21..czi #4.tif_registered.tif
Dataset:name:WAPL_SORORIN_G2	/uod/idr/filesets/idr0149-batty-sisterchromatids/20230605-ftp/experiment2/wapl_sororin_dep_g2/wapl_sororin_dep_g2_one_sister/220211_5389_2096_c1_rep1_wapl_sor_dep_on_hemi_g2_zoom4_8-08-21.czi #1.tif_registered.tif
Dataset:name:WAPL_SORORIN_G2	/uod/idr/filesets/idr0149-batty-sisterchromatids/20230605-ftp/experiment2/wapl_sororin_dep_g2/wapl_sororin_dep_g2_one_sister/220211_5389_2096_c1_rep2_wapl_sor_dep_on_hemi_g2_zoom4_8-02-22-23.tif_registered.tif
Dataset:name:WAPL_SORORIN_G2	/uod/idr/filesets/idr0149-batty-sisterchromatids/20230605-ftp/experiment2/wapl_sororin_dep_g2/wapl_sororin_dep_g2_one_sister/220211_5389_2096_c1_rep2_wapl_sor_dep_on_hemi_g2_zoom4_8-02-22-24.tif_registered.tif
Dataset:name:WAPL_SORORIN_G2	/uod/idr/filesets/idr0149-batty-sisterchromatids/20230605-ftp/experiment2/wapl_sororin_dep_g2/wapl_sororin_dep_g2_one_sister/220211_5389_2096_c1_rep2_wapl_sor_dep_on_hemi_g2_zoom4_8-02-22-26.tif_registered.tif
Dataset:name:WAPL_SORORIN_G2	/uod/idr/filesets/idr0149-batty-sisterchromatids/20230605-ftp/experiment2/wapl_sororin_dep_g2/wapl_sororin_dep_g2_one_sister/220211_5389_2096_c1_rep2_wapl_sor_dep_on_hemi_g2_zoom4_8-03-37.czi #2.tif_registered.tif
Dataset:name:WAPL_SORORIN_G2	/uod/idr/filesets/idr0149-batty-sisterchromatids/20230605-ftp/experiment2/wapl_sororin_dep_g2/wapl_sororin_dep_g2_one_sister/220211_5389_2096_c1_rep2_wapl_sor_dep_on_hemi_g2_zoom4_8-03-37.czi #3.tif_registered.tif
Dataset:name:WAPL_SORORIN_G2	/uod/idr/filesets/idr0149-batty-sisterchromatids/20230605-ftp/experiment2/wapl_sororin_dep_g2/wapl_sororin_dep_g2_one_sister/220211_5389_2096_c1_rep2_wapl_sor_dep_on_hemi_g2_zoom4_8-03-37.czi #4.tif_registered.tif
Dataset:name:WAPL_SORORIN_G2	/uod/idr/filesets/idr0149-batty-sisterchromatids/20230605-ftp/experiment2/wapl_sororin_dep_g2/wapl_sororin_dep_g2_one_sister/220211_5389_2096_c1_rep2_wapl_sor_dep_on_hemi_g2_zoom4_8-03-37.czi #5.tif_registered.tif
Dataset:name:WAPL_SORORIN_G2	/uod/idr/filesets/idr0149-batty-sisterchromatids/20230605-ftp/experiment2/wapl_sororin_dep_g2/wapl_sororin_dep_g2_one_sister/220211_5389_2096_c1_rep2_wapl_sor_dep_on_hemi_g2_zoom4_8-03-37.czi #6.tif_registered.tif
Dataset:name:WAPL_SORORIN_G2	/uod/idr/filesets/idr0149-batty-sisterchromatids/20230605-ftp/experiment2/wapl_sororin_dep_g2/wapl_sororin_dep_g2_one_sister/220211_5389_2096_c1_rep2_wapl_sor_dep_on_hemi_g2_zoom4_8-03-37.czi #7.tif_registered.tif
Dataset:name:WAPL_SORORIN_G2	/uod/idr/filesets/idr0149-batty-sisterchromatids/20230605-ftp/experiment2/wapl_sororin_dep_g2/wapl_sororin_dep_g2_one_sister/220211_5389_2096_c1_rep2_wapl_sor_dep_on_hemi_g2_zoom4_8-03-37.czi #8.tif_registered.tif
Dataset:name:WAPL_SORORIN_G2	/uod/idr/filesets/idr0149-batty-sisterchromatids/20230605-ftp/experiment2/wapl_sororin_dep_g2/wapl_sororin_dep_g2_one_sister/220211_5389_2096_c2_rep1_wapl_sor_dep_on_hemi_g2_zoom4_8-02-38.czi #1.tif_registered.tif
Dataset:name:WAPL_SORORIN_G2	/uod/idr/filesets/idr0149-batty-sisterchromatids/20230605-ftp/experiment2/wapl_sororin_dep_g2/wapl_sororin_dep_g2_one_sister/220211_5389_2096_c2_rep1_wapl_sor_dep_on_hemi_g2_zoom4_8-02-38.czi #2.tif_registered.tif
Dataset:name:WAPL_SORORIN_G2	/uod/idr/filesets/idr0149-batty-sisterchromatids/20230605-ftp/experiment2/wapl_sororin_dep_g2/wapl_sororin_dep_g2_one_sister/220211_5389_2096_c2_rep1_wapl_sor_dep_on_hemi_g2_zoom4_8-02-38.czi #3.tif_registered.tif
Dataset:name:WAPL_SORORIN_G2	/uod/idr/filesets/idr0149-batty-sisterchromatids/20230605-ftp/experiment2/wapl_sororin_dep_g2/wapl_sororin_dep_g2_one_sister/220211_5389_2096_c2_rep1_wapl_sor_dep_on_hemi_g2_zoom4_8-02-38.czi #4.tif_registered.tif
Dataset:name:WAPL_SORORIN_G2	/uod/idr/filesets/idr0149-batty-sisterchromatids/20230605-ftp/experiment2/wapl_sororin_dep_g2/wapl_sororin_dep_g2_one_sister/220211_5389_2096_c2_rep1_wapl_sor_dep_on_hemi_g2_zoom4_8-02-38.czi #5.tif_registered.tif
Dataset:name:WAPL_SORORIN_G2	/uod/idr/filesets/idr0149-batty-sisterchromatids/20230605-ftp/experiment2/wapl_sororin_dep_g2/wapl_sororin_dep_g2_one_sister/220211_5389_2096_c2_rep1_wapl_sor_dep_on_hemi_g2_zoom4_8-03-39.czi #1.tif_registered.tif
Dataset:name:WAPL_SORORIN_G2	/uod/idr/filesets/idr0149-batty-sisterchromatids/20230605-ftp/experiment2/wapl_sororin_dep_g2/wapl_sororin_dep_g2_one_sister/220211_5389_2096_c2_rep1_wapl_sor_dep_on_hemi_g2_zoom4_8-03-39.czi #2.tif_registered.tif
Dataset:name:WAPL_SORORIN_G2	/uod/idr/filesets/idr0149-batty-sisterchromatids/20230605-ftp/experiment2/wapl_sororin_dep_g2/wapl_sororin_dep_g2_one_sister/220211_5389_2096_c2_rep1_wapl_sor_dep_on_hemi_g2_zoom4_8-05-40.czi #1.tif_registered.tif
Dataset:name:WAPL_SORORIN_G2	/uod/idr/filesets/idr0149-batty-sisterchromatids/20230605-ftp/experiment2/wapl_sororin_dep_g2/wapl_sororin_dep_g2_one_sister/220211_5389_2096_c2_rep1_wapl_sor_dep_on_hemi_g2_zoom4_8-05-40.czi #2.tif_registered.tif
Dataset:name:WAPL_SORORIN_G2	/uod/idr/filesets/idr0149-batty-sisterchromatids/20230605-ftp/experiment2/wapl_sororin_dep_g2/wapl_sororin_dep_g2_one_sister/220211_5389_2096_c2_rep2_wapl_sor_dep_on_hemi_g2_zoom4_8-02-41.tif_registered.tif
Dataset:name:WAPL_SORORIN_G2	/uod/idr/filesets/idr0149-batty-sisterchromatids/20230605-ftp/experiment2/wapl_sororin_dep_g2/wapl_sororin_dep_g2_one_sister/220211_5389_2096_c2_rep2_wapl_sor_dep_on_hemi_g2_zoom4_8-03-42.tif_registered.tif
Dataset:name:WAPL_SORORIN_G2	/uod/idr/filesets/idr0149-batty-sisterchromatids/20230605-ftp/experiment2/wapl_sororin_dep_g2/wapl_sororin_dep_g2_one_sister/220211_5389_2096_c2_rep2_wapl_sor_dep_on_hemi_g2_zoom4_8-05-43.tif_registered.tif
Dataset:name:WAPL_SORORIN_G2	/uod/idr/filesets/idr0149-batty-sisterchromatids/20230605-ftp/experiment2/wapl_sororin_dep_g2/wapl_sororin_dep_g2_one_sister/220211_5389_2096_c2_rep2_wapl_sor_dep_on_hemi_g2_zoom4_8-06-44.czi #1.tif_registered.tif
Dataset:name:WAPL_SORORIN_G2	/uod/idr/filesets/idr0149-batty-sisterchromatids/20230605-ftp/experiment2/wapl_sororin_dep_g2/wapl_sororin_dep_g2_one_sister/220211_5389_2096_c2_rep2_wapl_sor_dep_on_hemi_g2_zoom4_8-06-44.czi #2.tif_registered.tif
Dataset:name:WAPL_SORORIN_G2	/uod/idr/filesets/idr0149-batty-sisterchromatids/20230605-ftp/experiment2/wapl_sororin_dep_g2/wapl_sororin_dep_g2_one_sister/220211_5389_2096_c2_rep2_wapl_sor_dep_on_hemi_g2_zoom4_8-06-44.czi #3.tif_registered.tif
Dataset:name:WAPL_SORORIN_G2	/uod/idr/filesets/idr0149-batty-sisterchromatids/20230605-ftp/experiment2/wapl_sororin_dep_g2/wapl_sororin_dep_g2_one_sister/220211_5389_2096_c2_rep2_wapl_sor_dep_on_hemi_g2_zoom4_8-08-45.tif_registered.tif
Dataset:name:WAPL_SORORIN_G2	/uod/idr/filesets/idr0149-batty-sisterchromatids/20230605-ftp/experiment2/wapl_sororin_dep_g2/wapl_sororin_dep_g2_one_sister/220211_5389_2096_c2_rep2_wapl_sor_dep_on_hemi_g2_zoom4_8-09-46.tif_registered.tif
Dataset:name:WAPL_SORORIN_G2	/uod/idr/filesets/idr0149-batty-sisterchromatids/20230605-ftp/experiment2/wapl_sororin_dep_g2/wapl_sororin_dep_g2_one_sister/220405_2096_wapl_sor_dep_rep1_hemi_stain_scc1_cycb1_zoom4_8-02-109.czi #1.tif_registered.tif
Dataset:name:WAPL_SORORIN_G2	/uod/idr/filesets/idr0149-batty-sisterchromatids/20230605-ftp/experiment2/wapl_sororin_dep_g2/wapl_sororin_dep_g2_one_sister/220405_2096_wapl_sor_dep_rep1_hemi_stain_scc1_cycb1_zoom4_8-02-109.czi #2.tif_registered.tif
Dataset:name:WAPL_SORORIN_G2	/uod/idr/filesets/idr0149-batty-sisterchromatids/20230605-ftp/experiment2/wapl_sororin_dep_g2/wapl_sororin_dep_g2_one_sister/220405_2096_wapl_sor_dep_rep1_hemi_stain_scc1_cycb1_zoom4_8-02-109.czi #3.tif_registered.tif
Dataset:name:WAPL_SORORIN_G2	/uod/idr/filesets/idr0149-batty-sisterchromatids/20230605-ftp/experiment2/wapl_sororin_dep_g2/wapl_sororin_dep_g2_one_sister/220405_2096_wapl_sor_dep_rep1_hemi_stain_scc1_cycb1_zoom4_8-02-109.czi #4.tif_registered.tif
Dataset:name:WAPL_SORORIN_G2	/uod/idr/filesets/idr0149-batty-sisterchromatids/20230605-ftp/experiment2/wapl_sororin_dep_g2/wapl_sororin_dep_g2_one_sister/220405_2096_wapl_sor_dep_rep1_hemi_stain_scc1_cycb1_zoom4_8-03-110.czi #1.tif_registered.tif
Dataset:name:WAPL_SORORIN_G2	/uod/idr/filesets/idr0149-batty-sisterchromatids/20230605-ftp/experiment2/wapl_sororin_dep_g2/wapl_sororin_dep_g2_one_sister/220405_2096_wapl_sor_dep_rep1_hemi_stain_scc1_cycb1_zoom4_8-03-110.czi #2.tif_registered.tif
Dataset:name:WAPL_SORORIN_G2	/uod/idr/filesets/idr0149-batty-sisterchromatids/20230605-ftp/experiment2/wapl_sororin_dep_g2/wapl_sororin_dep_g2_one_sister/220405_2096_wapl_sor_dep_rep1_hemi_stain_scc1_cycb1_zoom4_8-04-111-112.tif_registered.tif
Dataset:name:WAPL_SORORIN_G2	/uod/idr/filesets/idr0149-batty-sisterchromatids/20230605-ftp/experiment2/wapl_sororin_dep_g2/wapl_sororin_dep_g2_one_sister/220405_2096_wapl_sor_dep_rep1_hemi_stain_scc1_cycb1_zoom4_8-05-114.tif_registered.tif
Dataset:name:WAPL_SORORIN_G2	/uod/idr/filesets/idr0149-batty-sisterchromatids/20230605-ftp/experiment2/wapl_sororin_dep_g2/wapl_sororin_dep_g2_one_sister/220405_2096_wapl_sor_dep_rep2_hemi_stain_scc1_cycb1_zoom4_8-02-115.czi #1.tif_registered.tif
Dataset:name:WAPL_SORORIN_G2	/uod/idr/filesets/idr0149-batty-sisterchromatids/20230605-ftp/experiment2/wapl_sororin_dep_g2/wapl_sororin_dep_g2_one_sister/220405_2096_wapl_sor_dep_rep2_hemi_stain_scc1_cycb1_zoom4_8-02-115czi #2.tif_registered.tif
Dataset:name:WAPL_SORORIN_G2	/uod/idr/filesets/idr0149-batty-sisterchromatids/20230605-ftp/experiment2/wapl_sororin_dep_g2/wapl_sororin_dep_g2_one_sister/220405_2096_wapl_sor_dep_rep2_hemi_stain_scc1_cycb1_zoom4_8-03-116.czi #1.tif_registered.tif
Dataset:name:WAPL_SORORIN_G2	/uod/idr/filesets/idr0149-batty-sisterchromatids/20230605-ftp/experiment2/wapl_sororin_dep_g2/wapl_sororin_dep_g2_one_sister/220405_2096_wapl_sor_dep_rep2_hemi_stain_scc1_cycb1_zoom4_8-03-116.czi #2.tif_registered.tif
Dataset:name:WAPL_SORORIN_G2	/uod/idr/filesets/idr0149-batty-sisterchromatids/20230605-ftp/experiment2/wapl_sororin_dep_g2/wapl_sororin_dep_g2_one_sister/220405_2096_wapl_sor_dep_rep2_hemi_stain_scc1_cycb1_zoom4_8-05-117.tif_registered.tif
Dataset:name:WT_Prophase	/uod/idr/filesets/idr0149-batty-sisterchromatids/20230605-ftp/experiment2/wt_late_prophase/wt_late_prophase_one_sister/220207_5389_WT_c1_rep1_prophase_60min_stlc_hemi_zoom5-01-47.czi #01.tif_registered.tif
Dataset:name:WT_Prophase	/uod/idr/filesets/idr0149-batty-sisterchromatids/20230605-ftp/experiment2/wt_late_prophase/wt_late_prophase_one_sister/220207_5389_WT_c1_rep1_prophase_60min_stlc_hemi_zoom5-01-47.czi #02.tif_registered.tif
Dataset:name:WT_Prophase	/uod/idr/filesets/idr0149-batty-sisterchromatids/20230605-ftp/experiment2/wt_late_prophase/wt_late_prophase_one_sister/220207_5389_WT_c1_rep1_prophase_60min_stlc_hemi_zoom5-01-47.czi #07.tif_registered.tif
Dataset:name:WT_Prophase	/uod/idr/filesets/idr0149-batty-sisterchromatids/20230605-ftp/experiment2/wt_late_prophase/wt_late_prophase_one_sister/220207_5389_WT_c1_rep1_prophase_60min_stlc_hemi_zoom5-01-47.czi #08.tif_registered.tif
Dataset:name:WT_Prophase	/uod/idr/filesets/idr0149-batty-sisterchromatids/20230605-ftp/experiment2/wt_late_prophase/wt_late_prophase_one_sister/220207_5389_WT_c1_rep1_prophase_60min_stlc_hemi_zoom5-01-47.czi #11.tif_registered.tif
Dataset:name:WT_Prophase	/uod/idr/filesets/idr0149-batty-sisterchromatids/20230605-ftp/experiment2/wt_late_prophase/wt_late_prophase_one_sister/220207_5389_WT_c1_rep1_prophase_60min_stlc_hemi_zoom5-01-47.czi #12.tif_registered.tif
Dataset:name:WT_Prophase	/uod/idr/filesets/idr0149-batty-sisterchromatids/20230605-ftp/experiment2/wt_late_prophase/wt_late_prophase_one_sister/220207_5389_WT_c1_rep1_prophase_smc4_axes_60min_stlc_hemi_zoom5-01-46.czi #1.tif_registered.tif
Dataset:name:WT_Prophase	/uod/idr/filesets/idr0149-batty-sisterchromatids/20230605-ftp/experiment2/wt_late_prophase/wt_late_prophase_one_sister/220207_5389_WT_c1_rep1_prophase_smc4_axes_60min_stlc_hemi_zoom5-01-46.czi #2.tif_registered.tif
Dataset:name:WT_Prophase	/uod/idr/filesets/idr0149-batty-sisterchromatids/20230605-ftp/experiment2/wt_late_prophase/wt_late_prophase_one_sister/220207_5389_WT_c1_rep1_prophase_smc4_axes_60min_stlc_hemi_zoom5-01-46.czi #3.tif_registered.tif
Dataset:name:WT_Prophase	/uod/idr/filesets/idr0149-batty-sisterchromatids/20230605-ftp/experiment2/wt_late_prophase/wt_late_prophase_one_sister/220207_5389_WT_c1_rep1_prophase_smc4_axes_60min_stlc_hemi_zoom5-01-46.czi #4.tif_registered.tif
Dataset:name:WT_Prophase	/uod/idr/filesets/idr0149-batty-sisterchromatids/20230605-ftp/experiment2/wt_late_prophase/wt_late_prophase_one_sister/220207_5389_WT_c1_rep1_prophase_smc4_axes_60min_stlc_hemi_zoom5-01-46.czi #5.tif_registered.tif
Dataset:name:WT_Prophase	/uod/idr/filesets/idr0149-batty-sisterchromatids/20230605-ftp/experiment2/wt_late_prophase/wt_late_prophase_one_sister/220207_5389_WT_c1_rep1_prophase_smc4_axes_60min_stlc_hemi_zoom5-01-46.czi #6.tif_registered.tif
Dataset:name:WT_Prophase	/uod/idr/filesets/idr0149-batty-sisterchromatids/20230605-ftp/experiment2/wt_late_prophase/wt_late_prophase_one_sister/220207_5389_WT_c1_rep1_prophase_smc4_axes_60min_stlc_hemi_zoom5-01-46.czi #7.tif_registered.tif
Dataset:name:WT_Prophase	/uod/idr/filesets/idr0149-batty-sisterchromatids/20230605-ftp/experiment2/wt_late_prophase/wt_late_prophase_one_sister/220207_5389_WT_c1_rep1_prophase_smc4_axes_60min_stlc_hemi_zoom5-01-46.czi #8.tif_registered.tif
Dataset:name:WT_Prophase	/uod/idr/filesets/idr0149-batty-sisterchromatids/20230605-ftp/experiment2/wt_late_prophase/wt_late_prophase_one_sister/220207_5389_WT_c1_rep2_prophase_60min_stlc_hemi_zoom5-02-61-62.tif_registered.tif
Dataset:name:WT_Prophase	/uod/idr/filesets/idr0149-batty-sisterchromatids/20230605-ftp/experiment2/wt_late_prophase/wt_late_prophase_one_sister/220207_5389_WT_c1_rep2_prophase_60min_stlc_hemi_zoom5-02-61-70.tif_registered.tif
Dataset:name:WT_Prophase	/uod/idr/filesets/idr0149-batty-sisterchromatids/20230605-ftp/experiment2/wt_late_prophase/wt_late_prophase_one_sister/220207_5389_WT_c1_rep2_prophase_axes_60min_stlc_hemi_zoom5-01-60.czi #1.tif_registered.tif
Dataset:name:WT_Prophase	/uod/idr/filesets/idr0149-batty-sisterchromatids/20230605-ftp/experiment2/wt_late_prophase/wt_late_prophase_one_sister/220207_5389_WT_c1_rep2_prophase_axes_60min_stlc_hemi_zoom5-01-60.czi #2.tif_registered.tif
Dataset:name:WT_Prophase	/uod/idr/filesets/idr0149-batty-sisterchromatids/20230605-ftp/experiment2/wt_late_prophase/wt_late_prophase_one_sister/220207_5389_WT_c1_rep2_prophase_axes_60min_stlc_hemi_zoom5-01-60.czi #3.tif_registered.tif
Dataset:name:WT_Prophase	/uod/idr/filesets/idr0149-batty-sisterchromatids/20230605-ftp/experiment2/wt_late_prophase/wt_late_prophase_one_sister/220207_5389_WT_c1_rep2_prophase_axes_60min_stlc_hemi_zoom5-01-60.czi #4.tif_registered.tif
Dataset:name:WT_Prophase	/uod/idr/filesets/idr0149-batty-sisterchromatids/20230605-ftp/experiment2/wt_late_prophase/wt_late_prophase_one_sister/220207_5389_WT_c1_rep2_prophase_axes_60min_stlc_hemi_zoom5-01-60.czi #5.tif_registered.tif
Dataset:name:WT_Prophase	/uod/idr/filesets/idr0149-batty-sisterchromatids/20230605-ftp/experiment2/wt_late_prophase/wt_late_prophase_one_sister/220207_5389_WT_c1_rep2_prophase_axes_60min_stlc_hemi_zoom5-01-60.czi #6.tif_registered.tif
Dataset:name:WT_Prophase	/uod/idr/filesets/idr0149-batty-sisterchromatids/20230605-ftp/experiment2/wt_late_prophase/wt_late_prophase_one_sister/220207_5389_WT_c2_rep1_prophase_60min_stlc_hemi_zoom5-01-107.czi #1.tif_registered.tif
Dataset:name:WT_Prophase	/uod/idr/filesets/idr0149-batty-sisterchromatids/20230605-ftp/experiment2/wt_late_prophase/wt_late_prophase_one_sister/220207_5389_WT_c2_rep1_prophase_60min_stlc_hemi_zoom5-01-107.czi #3.tif_registered.tif
Dataset:name:WT_Prophase	/uod/idr/filesets/idr0149-batty-sisterchromatids/20230605-ftp/experiment2/wt_late_prophase/wt_late_prophase_one_sister/220207_5389_WT_c2_rep1_prophase_axes_60min_stlc_hemi_zoom5-01-106.czi #1.tif_registered.tif
Dataset:name:WT_Prophase	/uod/idr/filesets/idr0149-batty-sisterchromatids/20230605-ftp/experiment2/wt_late_prophase/wt_late_prophase_one_sister/220207_5389_WT_c2_rep1_prophase_axes_60min_stlc_hemi_zoom5-01-106.czi #2.tif_registered.tif
Dataset:name:WT_Prophase	/uod/idr/filesets/idr0149-batty-sisterchromatids/20230605-ftp/experiment2/wt_late_prophase/wt_late_prophase_one_sister/220207_5389_WT_c2_rep1_prophase_axes_60min_stlc_hemi_zoom5-01-106.czi #3.tif_registered.tif
Dataset:name:WT_Prophase	/uod/idr/filesets/idr0149-batty-sisterchromatids/20230605-ftp/experiment2/wt_late_prophase/wt_late_prophase_one_sister/220207_5389_WT_c2_rep1_prophase_axes_60min_stlc_hemi_zoom5-01-106.czi #4.tif_registered.tif
Dataset:name:WT_Prophase	/uod/idr/filesets/idr0149-batty-sisterchromatids/20230605-ftp/experiment2/wt_late_prophase/wt_late_prophase_one_sister/220207_5389_WT_c2_rep2_prophase_60min_stlc_hemi_zoom5-01-94-95.tif_registered.tif
Dataset:name:WT_Prophase	/uod/idr/filesets/idr0149-batty-sisterchromatids/20230605-ftp/experiment2/wt_late_prophase/wt_late_prophase_one_sister/220207_5389_WT_c2_rep2_prophase_60min_stlc_hemi_zoom5-04-105.czi #2.tif_registered.tif
Dataset:name:WT_Prophase	/uod/idr/filesets/idr0149-batty-sisterchromatids/20230605-ftp/experiment2/wt_late_prophase/wt_late_prophase_one_sister/220207_5389_WT_c2_rep2_prophase_axes_60min_stlc_hemi_zoom5-01-79-87.tif_registered.tif
Dataset:name:WT_Prophase	/uod/idr/filesets/idr0149-batty-sisterchromatids/20230605-ftp/experiment2/wt_late_prophase/wt_late_prophase_one_sister/220207_5389_WT_c2_rep2_prophase_axes_60min_stlc_hemi_zoom5-01-79-88.tif_registered.tif
Dataset:name:WT_Prophase	/uod/idr/filesets/idr0149-batty-sisterchromatids/20230605-ftp/experiment2/wt_late_prophase/wt_late_prophase_one_sister/220207_5389_WT_c2_rep2_prophase_axes_60min_stlc_hemi_zoom5-01-79-90.tif_registered.tif
Dataset:name:WT_Prophase	/uod/idr/filesets/idr0149-batty-sisterchromatids/20230605-ftp/experiment2/wt_late_prophase/wt_late_prophase_one_sister/220207_5389_WT_c2_rep2_prophase_axes_60min_stlc_hemi_zoom5-01-79-91.tif_registered.tif
Dataset:name:WT_Prophase	/uod/idr/filesets/idr0149-batty-sisterchromatids/20230605-ftp/experiment2/wt_late_prophase/wt_late_prophase_one_sister/220207_5389_WT_c2_rep2_prophase_axes_60min_stlc_hemi_zoom5-01-79-92.tif_registered.tif
Dataset:name:WT_Prophase	/uod/idr/filesets/idr0149-batty-sisterchromatids/20230605-ftp/experiment2/wt_late_prophase/wt_late_prophase_one_sister/220207_5389_WT_c2_rep2_prophase_axes_60min_stlc_hemi_zoom5-01-79-93.tif_registered.tif
Dataset:name:WT_Prophase	/uod/idr/filesets/idr0149-batty-sisterchromatids/20230605-ftp/experiment2/wt_late_prophase/wt_late_prophase_one_sister/220405_wt_prophase_rep1_hemi_stain_smc4_cycb1_zoom4_8-03-140.czi #2.tif_registered.tif
Dataset:name:WT_Prophase	/uod/idr/filesets/idr0149-batty-sisterchromatids/20230605-ftp/experiment2/wt_late_prophase/wt_late_prophase_one_sister/220405_wt_prophase_rep1_hemi_stain_smc4_cycb1_zoom4_8-03-140.czi #3.tif_registered.tif
Dataset:name:WT_Prophase	/uod/idr/filesets/idr0149-batty-sisterchromatids/20230605-ftp/experiment2/wt_late_prophase/wt_late_prophase_one_sister/220405_wt_prophase_rep1_hemi_stain_smc4_cycb1_zoom4_8-03-140.czi #4.tif_registered.tif
Dataset:name:WT_Prophase	/uod/idr/filesets/idr0149-batty-sisterchromatids/20230605-ftp/experiment2/wt_late_prophase/wt_late_prophase_one_sister/220405_wt_prophase_rep1_hemi_stain_smc4_cycb1_zoom4_8-03-140.czi #5.tif_registered.tif
Dataset:name:WT_Prophase	/uod/idr/filesets/idr0149-batty-sisterchromatids/20230605-ftp/experiment2/wt_late_prophase/wt_late_prophase_one_sister/220405_wt_prophase_rep1_hemi_stain_smc4_cycb1_zoom4_8-03-140.czi #7.tif_registered.tif
Dataset:name:WT_Prophase	/uod/idr/filesets/idr0149-batty-sisterchromatids/20230605-ftp/experiment2/wt_late_prophase/wt_late_prophase_one_sister/220405_wt_prophase_rep1_hemi_stain_smc4_cycb1_zoom4_8-04-141-142.tif_registered.tif
Dataset:name:WT_Prophase	/uod/idr/filesets/idr0149-batty-sisterchromatids/20230605-ftp/experiment2/wt_late_prophase/wt_late_prophase_one_sister/220405_wt_prophase_rep1_hemi_stain_smc4_cycb1_zoom4_8-05-145.tif_registered.tif
Dataset:name:WT_Prophase	/uod/idr/filesets/idr0149-batty-sisterchromatids/20230605-ftp/experiment2/wt_late_prophase/wt_late_prophase_one_sister/220405_wt_prophase_rep2_hemi_stain_smc4_cycb1_zoom4_8-02-146.czi #3.tif_registered.tif
Dataset:name:WT_Prophase	/uod/idr/filesets/idr0149-batty-sisterchromatids/20230605-ftp/experiment2/wt_late_prophase/wt_late_prophase_one_sister/220405_wt_prophase_rep3_hemi_stain_smc4_cycb1_zoom4_8-04-160.czi #1.tif_registered.tif
Dataset:name:WT_Prophase	/uod/idr/filesets/idr0149-batty-sisterchromatids/20230605-ftp/experiment2/wt_late_prophase/wt_late_prophase_one_sister/220405_wt_prophase_rep4_hemi_stain_smc4_cycb1_zoom4_8-01-149.czi #09.tif_registered.tif
Dataset:name:WT_Prophase	/uod/idr/filesets/idr0149-batty-sisterchromatids/20230605-ftp/experiment2/wt_late_prophase/wt_late_prophase_one_sister/220405_wt_prophase_rep4_hemi_stain_smc4_cycb1_zoom4_8-01-149.czi #11.tif_registered.tif
Dataset:name:WT_Prophase	/uod/idr/filesets/idr0149-batty-sisterchromatids/20230605-ftp/experiment2/wt_late_prophase/wt_late_prophase_one_sister/220530_5517_WT_hemi_15h_G2_prophase_rep1+2_stlc-01-65.czi #02.tif_registered.tif
Dataset:name:WT_Prophase	/uod/idr/filesets/idr0149-batty-sisterchromatids/20230605-ftp/experiment2/wt_late_prophase/wt_late_prophase_one_sister/220530_5517_WT_hemi_15h_G2_prophase_rep1+2_stlc-01-65.czi #03.tif_registered.tif
Dataset:name:WT_Prophase	/uod/idr/filesets/idr0149-batty-sisterchromatids/20230605-ftp/experiment2/wt_late_prophase/wt_late_prophase_one_sister/220530_5517_WT_hemi_15h_G2_prophase_rep1+2_stlc-01-65.czi #04.tif_registered.tif
Dataset:name:WT_Prophase	/uod/idr/filesets/idr0149-batty-sisterchromatids/20230605-ftp/experiment2/wt_late_prophase/wt_late_prophase_one_sister/220530_5517_WT_hemi_15h_G2_prophase_rep1+2_stlc-01-65.czi #05.tif_registered.tif
Dataset:name:WT_Prophase	/uod/idr/filesets/idr0149-batty-sisterchromatids/20230605-ftp/experiment2/wt_late_prophase/wt_late_prophase_one_sister/220530_5517_WT_hemi_15h_G2_prophase_rep1+2_stlc-01-65.czi #07.tif_registered.tif
Dataset:name:WT_Prophase	/uod/idr/filesets/idr0149-batty-sisterchromatids/20230605-ftp/experiment2/wt_late_prophase/wt_late_prophase_one_sister/220530_5517_WT_hemi_15h_G2_prophase_rep1+2_stlc-01-65.czi #17.tif_registered.tif
Dataset:name:WT_Prophase	/uod/idr/filesets/idr0149-batty-sisterchromatids/20230605-ftp/experiment2/wt_late_prophase/wt_late_prophase_one_sister/220530_5517_WT_hemi_15h_G2_prophase_rep1+2_stlc-01-65.czi #19.tif_registered.tif
Dataset:name:WT_Prophase	/uod/idr/filesets/idr0149-batty-sisterchromatids/20230605-ftp/experiment2/wt_late_prophase/wt_late_prophase_one_sister/220530_5517_WT_hemi_15h_G2_prophase_rep1+2_stlc-01-65.czi #21.tif_registered.tif
